<?xml version="1.0" encoding="UTF-8" standalone="no" ?>
<gpx xmlns="http://www.topografix.com/GPX/1/1" creator="www.plotaroute.com" version="1.1"  xmlns:xsi="http://www.w3.org/2001/XMLSchema-instance" xsi:schemaLocation="http://www.topografix.com/GPX/1/1 http://www.topografix.com/GPX/1/1/gpx.xsd">
<metadata>
<desc>Route created on plotaroute.com</desc>
</metadata>
<wpt lat="50.109626" lon="8.687675">
<time>2026-01-23T21:30:35Z</time>
<name>FINISH</name>
<cmt>FINISH</cmt>
<desc>FINISH</desc>
<sym>Flag, Blue</sym>
<type>Waypoint</type>
</wpt>
<trk>
<name>Unnamed Route</name>
<trkseg>
<trkpt lat="50.020426" lon="8.622547">
<ele>111</ele>
<time>2026-01-22T00:00:00Z</time></trkpt>
<trkpt lat="50.018835" lon="8.61489">
<ele>107</ele>
<time>2026-01-22T00:08:29Z</time></trkpt>
<trkpt lat="50.018487" lon="8.613193">
<ele>107</ele>
<time>2026-01-22T00:10:23Z</time></trkpt>
<trkpt lat="50.017476" lon="8.608083">
<ele>105</ele>
<time>2026-01-22T00:16:02Z</time></trkpt>
<trkpt lat="50.019176" lon="8.607165">
<ele>107</ele>
<time>2026-01-22T00:19:10Z</time></trkpt>
<trkpt lat="50.019584" lon="8.606855">
<ele>107</ele>
<time>2026-01-22T00:19:58Z</time></trkpt>
<trkpt lat="50.025809" lon="8.612743">
<ele>109</ele>
<time>2026-01-22T00:32:26Z</time></trkpt>
<trkpt lat="50.026429" lon="8.613502">
<ele>109</ele>
<time>2026-01-22T00:33:45Z</time></trkpt>
<trkpt lat="50.026573" lon="8.613658">
<ele>108</ele>
<time>2026-01-22T00:34:02Z</time></trkpt>
<trkpt lat="50.030397" lon="8.617272">
<ele>109</ele>
<time>2026-01-22T00:41:29Z</time></trkpt>
<trkpt lat="50.030995" lon="8.617856">
<ele>108</ele>
<time>2026-01-22T00:42:39Z</time></trkpt>
<trkpt lat="50.032022" lon="8.618878">
<ele>108</ele>
<time>2026-01-22T00:44:46Z</time></trkpt>
<trkpt lat="50.033544" lon="8.620507">
<ele>111</ele>
<time>2026-01-22T00:48:03Z</time></trkpt>
<trkpt lat="50.034665" lon="8.621806">
<ele>111</ele>
<time>2026-01-22T00:50:31Z</time></trkpt>
<trkpt lat="50.035576" lon="8.622923">
<ele>112</ele>
<time>2026-01-22T00:52:32Z</time></trkpt>
<trkpt lat="50.03639" lon="8.623972">
<ele>113</ele>
<time>2026-01-22T00:54:23Z</time></trkpt>
<trkpt lat="50.037913" lon="8.626">
<ele>113</ele>
<time>2026-01-22T00:57:45Z</time></trkpt>
<trkpt lat="50.038693" lon="8.627053">
<ele>113</ele>
<time>2026-01-22T00:59:28Z</time></trkpt>
<trkpt lat="50.046563" lon="8.637715">
<ele>113</ele>
<time>2026-01-22T01:16:59Z</time></trkpt>
<trkpt lat="50.047911" lon="8.639531">
<ele>111</ele>
<time>2026-01-22T01:19:52Z</time></trkpt>
<trkpt lat="50.050207" lon="8.642667">
<ele>110</ele>
<time>2026-01-22T01:24:55Z</time></trkpt>
<trkpt lat="50.050745" lon="8.643361">
<ele>110</ele>
<time>2026-01-22T01:26:05Z</time></trkpt>
<trkpt lat="50.051328" lon="8.644104">
<ele>110</ele>
<time>2026-01-22T01:27:20Z</time></trkpt>
<trkpt lat="50.052003" lon="8.644975">
<ele>110</ele>
<time>2026-01-22T01:28:48Z</time></trkpt>
<trkpt lat="50.052201" lon="8.645212">
<ele>110</ele>
<time>2026-01-22T01:29:13Z</time></trkpt>
<trkpt lat="50.052961" lon="8.646174">
<ele>110</ele>
<time>2026-01-22T01:30:51Z</time></trkpt>
<trkpt lat="50.053369" lon="8.646665">
<ele>110</ele>
<time>2026-01-22T01:31:43Z</time></trkpt>
<trkpt lat="50.053702" lon="8.646928">
<ele>110</ele>
<time>2026-01-22T01:32:20Z</time></trkpt>
<trkpt lat="50.053924" lon="8.647041">
<ele>110</ele>
<time>2026-01-22T01:32:44Z</time></trkpt>
<trkpt lat="50.05413" lon="8.647112">
<ele>111</ele>
<time>2026-01-22T01:33:06Z</time></trkpt>
<trkpt lat="50.054655" lon="8.64724">
<ele>111</ele>
<time>2026-01-22T01:34:00Z</time></trkpt>
<trkpt lat="50.054759" lon="8.647285">
<ele>111</ele>
<time>2026-01-22T01:34:11Z</time></trkpt>
<trkpt lat="50.055002" lon="8.647443">
<ele>111</ele>
<time>2026-01-22T01:34:38Z</time></trkpt>
<trkpt lat="50.055484" lon="8.647996">
<ele>111</ele>
<time>2026-01-22T01:35:39Z</time></trkpt>
<trkpt lat="50.055652" lon="8.648271">
<ele>111</ele>
<time>2026-01-22T01:36:04Z</time></trkpt>
<trkpt lat="50.055853" lon="8.648537">
<ele>111</ele>
<time>2026-01-22T01:36:31Z</time></trkpt>
<trkpt lat="50.05603" lon="8.648629">
<ele>112</ele>
<time>2026-01-22T01:36:51Z</time></trkpt>
<trkpt lat="50.056216" lon="8.64861">
<ele>112</ele>
<time>2026-01-22T01:37:10Z</time></trkpt>
<trkpt lat="50.056358" lon="8.648515">
<ele>112</ele>
<time>2026-01-22T01:37:25Z</time></trkpt>
<trkpt lat="50.056532" lon="8.648351">
<ele>111</ele>
<time>2026-01-22T01:37:46Z</time></trkpt>
<trkpt lat="50.056671" lon="8.648151">
<ele>111</ele>
<time>2026-01-22T01:38:05Z</time></trkpt>
<trkpt lat="50.056852" lon="8.648023">
<ele>111</ele>
<time>2026-01-22T01:38:25Z</time></trkpt>
<trkpt lat="50.056998" lon="8.647952">
<ele>111</ele>
<time>2026-01-22T01:38:39Z</time></trkpt>
<trkpt lat="50.057249" lon="8.647908">
<ele>111</ele>
<time>2026-01-22T01:39:04Z</time></trkpt>
<trkpt lat="50.05741" lon="8.647915">
<ele>111</ele>
<time>2026-01-22T01:39:19Z</time></trkpt>
<trkpt lat="50.05839" lon="8.648271">
<ele>109</ele>
<time>2026-01-22T01:40:56Z</time></trkpt>
<trkpt lat="50.058994" lon="8.648468">
<ele>108</ele>
<time>2026-01-22T01:41:56Z</time></trkpt>
<trkpt lat="50.059162" lon="8.648531">
<ele>107</ele>
<time>2026-01-22T01:42:12Z</time></trkpt>
<trkpt lat="50.060408" lon="8.648959">
<ele>107</ele>
<time>2026-01-22T01:44:25Z</time></trkpt>
<trkpt lat="50.060699" lon="8.649143">
<ele>109</ele>
<time>2026-01-22T01:45:00Z</time></trkpt>
<trkpt lat="50.060991" lon="8.649436">
<ele>110</ele>
<time>2026-01-22T01:45:38Z</time></trkpt>
<trkpt lat="50.061158" lon="8.649637">
<ele>110</ele>
<time>2026-01-22T01:46:02Z</time></trkpt>
<trkpt lat="50.06145" lon="8.649933">
<ele>111</ele>
<time>2026-01-22T01:46:40Z</time></trkpt>
<trkpt lat="50.061691" lon="8.650086">
<ele>111</ele>
<time>2026-01-22T01:47:09Z</time></trkpt>
<trkpt lat="50.06191" lon="8.650165">
<ele>110</ele>
<time>2026-01-22T01:47:34Z</time></trkpt>
<trkpt lat="50.062115" lon="8.650189">
<ele>110</ele>
<time>2026-01-22T01:47:57Z</time></trkpt>
<trkpt lat="50.06272" lon="8.650317">
<ele>111</ele>
<time>2026-01-22T01:49:05Z</time></trkpt>
<trkpt lat="50.062984" lon="8.650401">
<ele>111</ele>
<time>2026-01-22T01:49:33Z</time></trkpt>
<trkpt lat="50.064009" lon="8.650832">
<ele>110</ele>
<time>2026-01-22T01:51:18Z</time></trkpt>
<trkpt lat="50.06443" lon="8.650979">
<ele>110</ele>
<time>2026-01-22T01:52:00Z</time></trkpt>
<trkpt lat="50.064896" lon="8.651097">
<ele>109</ele>
<time>2026-01-22T01:52:47Z</time></trkpt>
<trkpt lat="50.065577" lon="8.651168">
<ele>109</ele>
<time>2026-01-22T01:53:54Z</time></trkpt>
<trkpt lat="50.065938" lon="8.651148">
<ele>109</ele>
<time>2026-01-22T01:54:30Z</time></trkpt>
<trkpt lat="50.067589" lon="8.651415">
<ele>109</ele>
<time>2026-01-22T01:57:16Z</time></trkpt>
<trkpt lat="50.068483" lon="8.651627">
<ele>108</ele>
<time>2026-01-22T01:58:47Z</time></trkpt>
<trkpt lat="50.069629" lon="8.651966">
<ele>110</ele>
<time>2026-01-22T02:00:45Z</time></trkpt>
<trkpt lat="50.072747" lon="8.652962">
<ele>111</ele>
<time>2026-01-22T02:06:17Z</time></trkpt>
<trkpt lat="50.075828" lon="8.653964">
<ele>112</ele>
<time>2026-01-22T02:11:38Z</time></trkpt>
<trkpt lat="50.076769" lon="8.654244">
<ele>111</ele>
<time>2026-01-22T02:13:12Z</time></trkpt>
<trkpt lat="50.076977" lon="8.654376">
<ele>110</ele>
<time>2026-01-22T02:13:34Z</time></trkpt>
<trkpt lat="50.077161" lon="8.654591">
<ele>109</ele>
<time>2026-01-22T02:13:57Z</time></trkpt>
<trkpt lat="50.077503" lon="8.655207">
<ele>108</ele>
<time>2026-01-22T02:14:48Z</time></trkpt>
<trkpt lat="50.078552" lon="8.657127">
<ele>110</ele>
<time>2026-01-22T02:17:25Z</time></trkpt>
<trkpt lat="50.07872" lon="8.657313">
<ele>110</ele>
<time>2026-01-22T02:17:45Z</time></trkpt>
<trkpt lat="50.078886" lon="8.65745">
<ele>110</ele>
<time>2026-01-22T02:18:03Z</time></trkpt>
<trkpt lat="50.079075" lon="8.657528">
<ele>109</ele>
<time>2026-01-22T02:18:22Z</time></trkpt>
<trkpt lat="50.07931" lon="8.657539">
<ele>108</ele>
<time>2026-01-22T02:18:45Z</time></trkpt>
<trkpt lat="50.080275" lon="8.657184">
<ele>108</ele>
<time>2026-01-22T02:20:20Z</time></trkpt>
<trkpt lat="50.080685" lon="8.657002">
<ele>107</ele>
<time>2026-01-22T02:21:01Z</time></trkpt>
<trkpt lat="50.081214" lon="8.656838">
<ele>104</ele>
<time>2026-01-22T02:21:53Z</time></trkpt>
<trkpt lat="50.082043" lon="8.656671">
<ele>101</ele>
<time>2026-01-22T02:23:14Z</time></trkpt>
<trkpt lat="50.082679" lon="8.656826">
<ele>100</ele>
<time>2026-01-22T02:24:16Z</time></trkpt>
<trkpt lat="50.084752" lon="8.657919">
<ele>99</ele>
<time>2026-01-22T02:27:49Z</time></trkpt>
<trkpt lat="50.088143" lon="8.659696">
<ele>99</ele>
<time>2026-01-22T02:33:47Z</time></trkpt>
<trkpt lat="50.0886" lon="8.660006">
<ele>100</ele>
<time>2026-01-22T02:34:37Z</time></trkpt>
<trkpt lat="50.088752" lon="8.66015">
<ele>99</ele>
<time>2026-01-22T02:34:54Z</time></trkpt>
<trkpt lat="50.088966" lon="8.660396">
<ele>99</ele>
<time>2026-01-22T02:35:21Z</time></trkpt>
<trkpt lat="50.092853" lon="8.665069">
<ele>95</ele>
<time>2026-01-22T02:43:24Z</time></trkpt>
<trkpt lat="50.092943" lon="8.665248">
<ele>95</ele>
<time>2026-01-22T02:43:39Z</time></trkpt>
<trkpt lat="50.096415" lon="8.669429">
<ele>95</ele>
<time>2026-01-22T02:50:58Z</time></trkpt>
<trkpt lat="50.096891" lon="8.670026">
<ele>95</ele>
<time>2026-01-22T02:52:00Z</time></trkpt>
<trkpt lat="50.097036" lon="8.670269">
<ele>95</ele>
<time>2026-01-22T02:52:21Z</time></trkpt>
<trkpt lat="50.097294" lon="8.670629">
<ele>95</ele>
<time>2026-01-22T02:52:56Z</time></trkpt>
<trkpt lat="50.097539" lon="8.670921">
<ele>95</ele>
<time>2026-01-22T02:53:27Z</time></trkpt>
<trkpt lat="50.099162" lon="8.672622">
<ele>95</ele>
<time>2026-01-22T02:56:47Z</time></trkpt>
<trkpt lat="50.101113" lon="8.674738">
<ele>95</ele>
<time>2026-01-22T03:00:47Z</time></trkpt>
<trkpt lat="50.101244" lon="8.674899">
<ele>95</ele>
<time>2026-01-22T03:01:04Z</time></trkpt>
<trkpt lat="50.101361" lon="8.675094">
<ele>95</ele>
<time>2026-01-22T03:01:21Z</time></trkpt>
<trkpt lat="50.101692" lon="8.675923">
<ele>95</ele>
<time>2026-01-22T03:02:23Z</time></trkpt>
<trkpt lat="50.101757" lon="8.676064">
<ele>95</ele>
<time>2026-01-22T03:02:34Z</time></trkpt>
<trkpt lat="50.101855" lon="8.676171">
<ele>95</ele>
<time>2026-01-22T03:02:46Z</time></trkpt>
<trkpt lat="50.102067" lon="8.676298">
<ele>95</ele>
<time>2026-01-22T03:03:08Z</time></trkpt>
<trkpt lat="50.102223" lon="8.676418">
<ele>95</ele>
<time>2026-01-22T03:03:26Z</time></trkpt>
<trkpt lat="50.102416" lon="8.676615">
<ele>95</ele>
<time>2026-01-22T03:03:49Z</time></trkpt>
<trkpt lat="50.103835" lon="8.678321">
<ele>95</ele>
<time>2026-01-22T03:06:47Z</time></trkpt>
<trkpt lat="50.103978" lon="8.678455">
<ele>95</ele>
<time>2026-01-22T03:07:03Z</time></trkpt>
<trkpt lat="50.104108" lon="8.67866">
<ele>95</ele>
<time>2026-01-22T03:07:22Z</time></trkpt>
<trkpt lat="50.104255" lon="8.678793">
<ele>95</ele>
<time>2026-01-22T03:07:39Z</time></trkpt>
<trkpt lat="50.105461" lon="8.677745">
<ele>94</ele>
<time>2026-01-22T03:09:56Z</time></trkpt>
<trkpt lat="50.105421" lon="8.677781">
<ele>94</ele>
<time>2026-01-22T03:10:01Z</time></trkpt>
<trkpt lat="50.106453" lon="8.680281">
<ele>95</ele>
<time>2026-01-22T03:13:16Z</time></trkpt>
<trkpt lat="50.106812" lon="8.681229">
<ele>94</ele>
<time>2026-01-22T03:14:28Z</time></trkpt>
<trkpt lat="50.10689" lon="8.681511">
<ele>95</ele>
<time>2026-01-22T03:14:49Z</time></trkpt>
<trkpt lat="50.107201" lon="8.683084">
<ele>94</ele>
<time>2026-01-22T03:16:35Z</time></trkpt>
<trkpt lat="50.107331" lon="8.683685">
<ele>94</ele>
<time>2026-01-22T03:17:16Z</time></trkpt>
<trkpt lat="50.107418" lon="8.68425">
<ele>94</ele>
<time>2026-01-22T03:17:53Z</time></trkpt>
<trkpt lat="50.107464" lon="8.684767">
<ele>93</ele>
<time>2026-01-22T03:18:27Z</time></trkpt>
<trkpt lat="50.107451" lon="8.685672">
<ele>94</ele>
<time>2026-01-22T03:19:25Z</time></trkpt>
<trkpt lat="50.10738" lon="8.686344">
<ele>94</ele>
<time>2026-01-22T03:20:09Z</time></trkpt>
<trkpt lat="50.10725" lon="8.687027">
<ele>95</ele>
<time>2026-01-22T03:20:54Z</time></trkpt>
<trkpt lat="50.107219" lon="8.687336">
<ele>94</ele>
<time>2026-01-22T03:21:14Z</time></trkpt>
<trkpt lat="50.107193" lon="8.687761">
<ele>94</ele>
<time>2026-01-22T03:21:42Z</time></trkpt>
<trkpt lat="50.107192" lon="8.687825">
<ele>94</ele>
<time>2026-01-22T03:21:46Z</time></trkpt>
<trkpt lat="50.107193" lon="8.687761">
<ele>94</ele>
<time>2026-01-22T03:21:50Z</time></trkpt>
<trkpt lat="50.107344" lon="8.687761">
<ele>93</ele>
<time>2026-01-22T03:22:05Z</time></trkpt>
<trkpt lat="50.109477" lon="8.687708">
<ele>94</ele>
<time>2026-01-22T03:25:39Z</time></trkpt>
<trkpt lat="50.10964" lon="8.687707">
<ele>95</ele>
<time>2026-01-22T03:25:55Z</time></trkpt>
<trkpt lat="50.109626" lon="8.687704">
<ele>95</ele>
<time>2026-01-22T03:25:57Z</time></trkpt>
<trkpt lat="50.109338" lon="8.692057">
<ele>95</ele>
<time>2026-01-22T03:30:38Z</time></trkpt>
<trkpt lat="50.109191" lon="8.692676">
<ele>95</ele>
<time>2026-01-22T03:31:20Z</time></trkpt>
<trkpt lat="50.109139" lon="8.693054">
<ele>95</ele>
<time>2026-01-22T03:31:45Z</time></trkpt>
<trkpt lat="50.10913" lon="8.69349">
<ele>95</ele>
<time>2026-01-22T03:32:14Z</time></trkpt>
<trkpt lat="50.109157" lon="8.694311">
<ele>95</ele>
<time>2026-01-22T03:33:08Z</time></trkpt>
<trkpt lat="50.109168" lon="8.694885">
<ele>95</ele>
<time>2026-01-22T03:33:46Z</time></trkpt>
<trkpt lat="50.109103" lon="8.696233">
<ele>95</ele>
<time>2026-01-22T03:35:15Z</time></trkpt>
<trkpt lat="50.109146" lon="8.696479">
<ele>95</ele>
<time>2026-01-22T03:35:31Z</time></trkpt>
<trkpt lat="50.109211" lon="8.696665">
<ele>95</ele>
<time>2026-01-22T03:35:45Z</time></trkpt>
<trkpt lat="50.110214" lon="8.699777">
<ele>97</ele>
<time>2026-01-22T03:39:34Z</time></trkpt>
<trkpt lat="50.110824" lon="8.702611">
<ele>97</ele>
<time>2026-01-22T03:42:50Z</time></trkpt>
<trkpt lat="50.111228" lon="8.704613">
<ele>98</ele>
<time>2026-01-22T03:45:08Z</time></trkpt>
<trkpt lat="50.111337" lon="8.705223">
<ele>98</ele>
<time>2026-01-22T03:45:50Z</time></trkpt>
<trkpt lat="50.1114" lon="8.705817">
<ele>98</ele>
<time>2026-01-22T03:46:29Z</time></trkpt>
<trkpt lat="50.111432" lon="8.706643">
<ele>98</ele>
<time>2026-01-22T03:47:23Z</time></trkpt>
<trkpt lat="50.111401" lon="8.707568">
<ele>97</ele>
<time>2026-01-22T03:48:24Z</time></trkpt>
<trkpt lat="50.111371" lon="8.707776">
<ele>97</ele>
<time>2026-01-22T03:48:37Z</time></trkpt>
<trkpt lat="50.111338" lon="8.708553">
<ele>97</ele>
<time>2026-01-22T03:49:26Z</time></trkpt>
<trkpt lat="50.111315" lon="8.709372">
<ele>97</ele>
<time>2026-01-22T03:50:18Z</time></trkpt>
<trkpt lat="50.111266" lon="8.710699">
<ele>96</ele>
<time>2026-01-22T03:51:42Z</time></trkpt>
<trkpt lat="50.111335" lon="8.711681">
<ele>96</ele>
<time>2026-01-22T03:52:45Z</time></trkpt>
<trkpt lat="50.111434" lon="8.712131">
<ele>96</ele>
<time>2026-01-22T03:53:15Z</time></trkpt>
<trkpt lat="50.112041" lon="8.713959">
<ele>96</ele>
<time>2026-01-22T03:55:27Z</time></trkpt>
<trkpt lat="50.113874" lon="8.719268">
<ele>96</ele>
<time>2026-01-22T04:01:53Z</time></trkpt>
<trkpt lat="50.115148" lon="8.723093">
<ele>96</ele>
<time>2026-01-22T04:06:35Z</time></trkpt>
<trkpt lat="50.115357" lon="8.723662">
<ele>96</ele>
<time>2026-01-22T04:07:19Z</time></trkpt>
<trkpt lat="50.116016" lon="8.725585">
<ele>97</ele>
<time>2026-01-22T04:09:45Z</time></trkpt>
<trkpt lat="50.116686" lon="8.727566">
<ele>96</ele>
<time>2026-01-22T04:12:08Z</time></trkpt>
<trkpt lat="50.11682" lon="8.727904">
<ele>96</ele>
<time>2026-01-22T04:12:34Z</time></trkpt>
<trkpt lat="50.117729" lon="8.729812">
<ele>96</ele>
<time>2026-01-22T04:15:05Z</time></trkpt>
<trkpt lat="50.117914" lon="8.730248">
<ele>96</ele>
<time>2026-01-22T04:15:39Z</time></trkpt>
<trkpt lat="50.118034" lon="8.7306">
<ele>96</ele>
<time>2026-01-22T04:16:05Z</time></trkpt>
<trkpt lat="50.11812" lon="8.730986">
<ele>96</ele>
<time>2026-01-22T04:16:32Z</time></trkpt>
<trkpt lat="50.11826" lon="8.731484">
<ele>96</ele>
<time>2026-01-22T04:17:08Z</time></trkpt>
<trkpt lat="50.118354" lon="8.731674">
<ele>96</ele>
<time>2026-01-22T04:17:24Z</time></trkpt>
<trkpt lat="50.118486" lon="8.731842">
<ele>96</ele>
<time>2026-01-22T04:17:41Z</time></trkpt>
<trkpt lat="50.118861" lon="8.732217">
<ele>97</ele>
<time>2026-01-22T04:18:27Z</time></trkpt>
<trkpt lat="50.119038" lon="8.732458">
<ele>97</ele>
<time>2026-01-22T04:18:51Z</time></trkpt>
<trkpt lat="50.119734" lon="8.733918">
<ele>97</ele>
<time>2026-01-22T04:20:50Z</time></trkpt>
<trkpt lat="50.120659" lon="8.736043">
<ele>97</ele>
<time>2026-01-22T04:23:35Z</time></trkpt>
<trkpt lat="50.123234" lon="8.742301">
<ele>97</ele>
<time>2026-01-22T04:31:33Z</time></trkpt>
<trkpt lat="50.123847" lon="8.743839">
<ele>97</ele>
<time>2026-01-22T04:33:32Z</time></trkpt>
<trkpt lat="50.124151" lon="8.744535">
<ele>98</ele>
<time>2026-01-22T04:34:27Z</time></trkpt>
<trkpt lat="50.124622" lon="8.745702">
<ele>98</ele>
<time>2026-01-22T04:35:57Z</time></trkpt>
<trkpt lat="50.125397" lon="8.747703">
<ele>98</ele>
<time>2026-01-22T04:38:29Z</time></trkpt>
<trkpt lat="50.126895" lon="8.751738">
<ele>98</ele>
<time>2026-01-22T04:43:29Z</time></trkpt>
<trkpt lat="50.127364" lon="8.753038">
<ele>98</ele>
<time>2026-01-22T04:45:04Z</time></trkpt>
<trkpt lat="50.128389" lon="8.756114">
<ele>98</ele>
<time>2026-01-22T04:48:47Z</time></trkpt>
<trkpt lat="50.128837" lon="8.757263">
<ele>98</ele>
<time>2026-01-22T04:50:13Z</time></trkpt>
<trkpt lat="50.129636" lon="8.759633">
<ele>98</ele>
<time>2026-01-22T04:53:05Z</time></trkpt>
<trkpt lat="50.13116" lon="8.763324">
<ele>98</ele>
<time>2026-01-22T04:57:47Z</time></trkpt>
<trkpt lat="50.132032" lon="8.765412">
<ele>98</ele>
<time>2026-01-22T05:00:27Z</time></trkpt>
<trkpt lat="50.132656" lon="8.766797">
<ele>97</ele>
<time>2026-01-22T05:02:14Z</time></trkpt>
<trkpt lat="50.13291" lon="8.767187">
<ele>97</ele>
<time>2026-01-22T05:02:50Z</time></trkpt>
<trkpt lat="50.134169" lon="8.769481">
<ele>97</ele>
<time>2026-01-22T05:06:03Z</time></trkpt>
<trkpt lat="50.134247" lon="8.769757">
<ele>96</ele>
<time>2026-01-22T05:06:23Z</time></trkpt>
<trkpt lat="50.134385" lon="8.770001">
<ele>96</ele>
<time>2026-01-22T05:06:44Z</time></trkpt>
<trkpt lat="50.135499" lon="8.771649">
<ele>97</ele>
<time>2026-01-22T05:09:17Z</time></trkpt>
<trkpt lat="50.135588" lon="8.77179">
<ele>97</ele>
<time>2026-01-22T05:09:30Z</time></trkpt>
<trkpt lat="50.135718" lon="8.771876">
<ele>97</ele>
<time>2026-01-22T05:09:45Z</time></trkpt>
<trkpt lat="50.135754" lon="8.771873">
<ele>97</ele>
<time>2026-01-22T05:09:48Z</time></trkpt>
<trkpt lat="50.136014" lon="8.771596">
<ele>98</ele>
<time>2026-01-22T05:10:21Z</time></trkpt>
<trkpt lat="50.136361" lon="8.771184">
<ele>98</ele>
<time>2026-01-22T05:11:05Z</time></trkpt>
<trkpt lat="50.136424" lon="8.771092">
<ele>98</ele>
<time>2026-01-22T05:11:14Z</time></trkpt>
<trkpt lat="50.13651" lon="8.770904">
<ele>98</ele>
<time>2026-01-22T05:11:29Z</time></trkpt>
<trkpt lat="50.136574" lon="8.770649">
<ele>98</ele>
<time>2026-01-22T05:11:47Z</time></trkpt>
<trkpt lat="50.136581" lon="8.770531">
<ele>98</ele>
<time>2026-01-22T05:11:55Z</time></trkpt>
<trkpt lat="50.136564" lon="8.770333">
<ele>98</ele>
<time>2026-01-22T05:12:08Z</time></trkpt>
<trkpt lat="50.136479" lon="8.77007">
<ele>98</ele>
<time>2026-01-22T05:12:27Z</time></trkpt>
<trkpt lat="50.136342" lon="8.769814">
<ele>98</ele>
<time>2026-01-22T05:12:49Z</time></trkpt>
<trkpt lat="50.13614" lon="8.769607">
<ele>98</ele>
<time>2026-01-22T05:13:14Z</time></trkpt>
<trkpt lat="50.13596" lon="8.769478">
<ele>98</ele>
<time>2026-01-22T05:13:34Z</time></trkpt>
<trkpt lat="50.135893" lon="8.76939">
<ele>98</ele>
<time>2026-01-22T05:13:43Z</time></trkpt>
<trkpt lat="50.135844" lon="8.769291">
<ele>98</ele>
<time>2026-01-22T05:13:52Z</time></trkpt>
<trkpt lat="50.135802" lon="8.768639">
<ele>98</ele>
<time>2026-01-22T05:14:35Z</time></trkpt>
<trkpt lat="50.135806" lon="8.768067">
<ele>98</ele>
<time>2026-01-22T05:15:12Z</time></trkpt>
<trkpt lat="50.135891" lon="8.766674">
<ele>98</ele>
<time>2026-01-22T05:16:42Z</time></trkpt>
<trkpt lat="50.135889" lon="8.766328">
<ele>98</ele>
<time>2026-01-22T05:17:04Z</time></trkpt>
<trkpt lat="50.135833" lon="8.764929">
<ele>98</ele>
<time>2026-01-22T05:18:34Z</time></trkpt>
<trkpt lat="50.135827" lon="8.764177">
<ele>98</ele>
<time>2026-01-22T05:19:22Z</time></trkpt>
<trkpt lat="50.135772" lon="8.763899">
<ele>98</ele>
<time>2026-01-22T05:19:41Z</time></trkpt>
<trkpt lat="50.135835" lon="8.763876">
<ele>98</ele>
<time>2026-01-22T05:19:47Z</time></trkpt>
<trkpt lat="50.135876" lon="8.76383">
<ele>98</ele>
<time>2026-01-22T05:19:52Z</time></trkpt>
<trkpt lat="50.135996" lon="8.763643">
<ele>98</ele>
<time>2026-01-22T05:20:09Z</time></trkpt>
<trkpt lat="50.139968" lon="8.758897">
<ele>98</ele>
<time>2026-01-22T05:28:31Z</time></trkpt>
<trkpt lat="50.14124" lon="8.757409">
<ele>98</ele>
<time>2026-01-22T05:31:10Z</time></trkpt>
<trkpt lat="50.143063" lon="8.755209">
<ele>99</ele>
<time>2026-01-22T05:35:06Z</time></trkpt>
<trkpt lat="50.143209" lon="8.754965">
<ele>99</ele>
<time>2026-01-22T05:35:28Z</time></trkpt>
<trkpt lat="50.144633" lon="8.752035">
<ele>99</ele>
<time>2026-01-22T05:39:25Z</time></trkpt>
<trkpt lat="50.144723" lon="8.751808">
<ele>99</ele>
<time>2026-01-22T05:39:43Z</time></trkpt>
<trkpt lat="50.144811" lon="8.75149">
<ele>100</ele>
<time>2026-01-22T05:40:05Z</time></trkpt>
<trkpt lat="50.144887" lon="8.751429">
<ele>100</ele>
<time>2026-01-22T05:40:13Z</time></trkpt>
<trkpt lat="50.144909" lon="8.751346">
<ele>100</ele>
<time>2026-01-22T05:40:19Z</time></trkpt>
<trkpt lat="50.144992" lon="8.75123">
<ele>100</ele>
<time>2026-01-22T05:40:30Z</time></trkpt>
<trkpt lat="50.146346" lon="8.748423">
<ele>99</ele>
<time>2026-01-22T05:44:19Z</time></trkpt>
<trkpt lat="50.148473" lon="8.744033">
<ele>110</ele>
<time>2026-01-22T05:51:56Z</time></trkpt>
<trkpt lat="50.149013" lon="8.742853">
<ele>121</ele>
<time>2026-01-22T05:54:27Z</time></trkpt>
<trkpt lat="50.149131" lon="8.742682">
<ele>123</ele>
<time>2026-01-22T05:54:53Z</time></trkpt>
<trkpt lat="50.149193" lon="8.742619">
<ele>123</ele>
<time>2026-01-22T05:55:05Z</time></trkpt>
<trkpt lat="50.149813" lon="8.742167">
<ele>131</ele>
<time>2026-01-22T05:56:51Z</time></trkpt>
<trkpt lat="50.149946" lon="8.742088">
<ele>132</ele>
<time>2026-01-22T05:57:10Z</time></trkpt>
<trkpt lat="50.15012" lon="8.742038">
<ele>133</ele>
<time>2026-01-22T05:57:35Z</time></trkpt>
<trkpt lat="50.150382" lon="8.742058">
<ele>134</ele>
<time>2026-01-22T05:58:12Z</time></trkpt>
<trkpt lat="50.150811" lon="8.742141">
<ele>137</ele>
<time>2026-01-22T05:59:12Z</time></trkpt>
<trkpt lat="50.151055" lon="8.742269">
<ele>139</ele>
<time>2026-01-22T05:59:48Z</time></trkpt>
<trkpt lat="50.151749" lon="8.742795">
<ele>143</ele>
<time>2026-01-22T06:01:36Z</time></trkpt>
<trkpt lat="50.152084" lon="8.743166">
<ele>145</ele>
<time>2026-01-22T06:02:34Z</time></trkpt>
<trkpt lat="50.152315" lon="8.743465">
<ele>146</ele>
<time>2026-01-22T06:03:16Z</time></trkpt>
<trkpt lat="50.15238" lon="8.743613">
<ele>146</ele>
<time>2026-01-22T06:03:32Z</time></trkpt>
<trkpt lat="50.152816" lon="8.745149">
<ele>150</ele>
<time>2026-01-22T06:06:02Z</time></trkpt>
<trkpt lat="50.15287" lon="8.745287">
<ele>151</ele>
<time>2026-01-22T06:06:17Z</time></trkpt>
<trkpt lat="50.152954" lon="8.745451">
<ele>153</ele>
<time>2026-01-22T06:06:36Z</time></trkpt>
<trkpt lat="50.153634" lon="8.746483">
<ele>162</ele>
<time>2026-01-22T06:08:48Z</time></trkpt>
<trkpt lat="50.153815" lon="8.746792">
<ele>163</ele>
<time>2026-01-22T06:09:26Z</time></trkpt>
<trkpt lat="50.15452" lon="8.748428">
<ele>164</ele>
<time>2026-01-22T06:12:06Z</time></trkpt>
<trkpt lat="50.154596" lon="8.748536">
<ele>164</ele>
<time>2026-01-22T06:12:17Z</time></trkpt>
<trkpt lat="50.154712" lon="8.748635">
<ele>164</ele>
<time>2026-01-22T06:12:30Z</time></trkpt>
<trkpt lat="50.1548" lon="8.748656">
<ele>164</ele>
<time>2026-01-22T06:12:39Z</time></trkpt>
<trkpt lat="50.15481" lon="8.748768">
<ele>164</ele>
<time>2026-01-22T06:12:47Z</time></trkpt>
<trkpt lat="50.154878" lon="8.749157">
<ele>163</ele>
<time>2026-01-22T06:13:13Z</time></trkpt>
<trkpt lat="50.154935" lon="8.749717">
<ele>162</ele>
<time>2026-01-22T06:13:50Z</time></trkpt>
<trkpt lat="50.155161" lon="8.751517">
<ele>164</ele>
<time>2026-01-22T06:15:51Z</time></trkpt>
<trkpt lat="50.155181" lon="8.751892">
<ele>164</ele>
<time>2026-01-22T06:16:15Z</time></trkpt>
<trkpt lat="50.155148" lon="8.752605">
<ele>166</ele>
<time>2026-01-22T06:17:04Z</time></trkpt>
<trkpt lat="50.15515" lon="8.752883">
<ele>167</ele>
<time>2026-01-22T06:17:27Z</time></trkpt>
<trkpt lat="50.155213" lon="8.753321">
<ele>168</ele>
<time>2026-01-22T06:18:02Z</time></trkpt>
<trkpt lat="50.155203" lon="8.753654">
<ele>169</ele>
<time>2026-01-22T06:18:29Z</time></trkpt>
<trkpt lat="50.155266" lon="8.754002">
<ele>170</ele>
<time>2026-01-22T06:18:58Z</time></trkpt>
<trkpt lat="50.155406" lon="8.754359">
<ele>172</ele>
<time>2026-01-22T06:19:31Z</time></trkpt>
<trkpt lat="50.155817" lon="8.756113">
<ele>176</ele>
<time>2026-01-22T06:22:00Z</time></trkpt>
<trkpt lat="50.156034" lon="8.757326">
<ele>176</ele>
<time>2026-01-22T06:23:39Z</time></trkpt>
<trkpt lat="50.156505" lon="8.759793">
<ele>176</ele>
<time>2026-01-22T06:26:25Z</time></trkpt>
<trkpt lat="50.156707" lon="8.761995">
<ele>175</ele>
<time>2026-01-22T06:28:47Z</time></trkpt>
<trkpt lat="50.156999" lon="8.765667">
<ele>180</ele>
<time>2026-01-22T06:33:00Z</time></trkpt>
<trkpt lat="50.157473" lon="8.76954">
<ele>178</ele>
<time>2026-01-22T06:37:18Z</time></trkpt>
<trkpt lat="50.157534" lon="8.769911">
<ele>178</ele>
<time>2026-01-22T06:37:43Z</time></trkpt>
<trkpt lat="50.157705" lon="8.770242">
<ele>179</ele>
<time>2026-01-22T06:38:10Z</time></trkpt>
<trkpt lat="50.157811" lon="8.770369">
<ele>180</ele>
<time>2026-01-22T06:38:23Z</time></trkpt>
<trkpt lat="50.158013" lon="8.770485">
<ele>181</ele>
<time>2026-01-22T06:38:44Z</time></trkpt>
<trkpt lat="50.158005" lon="8.770758">
<ele>181</ele>
<time>2026-01-22T06:39:02Z</time></trkpt>
<trkpt lat="50.158004" lon="8.771575">
<ele>179</ele>
<time>2026-01-22T06:39:54Z</time></trkpt>
<trkpt lat="50.158019" lon="8.771901">
<ele>178</ele>
<time>2026-01-22T06:40:15Z</time></trkpt>
<trkpt lat="50.158079" lon="8.772401">
<ele>177</ele>
<time>2026-01-22T06:40:46Z</time></trkpt>
<trkpt lat="50.158192" lon="8.772991">
<ele>176</ele>
<time>2026-01-22T06:41:25Z</time></trkpt>
<trkpt lat="50.158749" lon="8.775269">
<ele>175</ele>
<time>2026-01-22T06:43:56Z</time></trkpt>
<trkpt lat="50.158871" lon="8.775749">
<ele>175</ele>
<time>2026-01-22T06:44:28Z</time></trkpt>
<trkpt lat="50.159221" lon="8.777205">
<ele>172</ele>
<time>2026-01-22T06:46:03Z</time></trkpt>
<trkpt lat="50.159436" lon="8.778335">
<ele>170</ele>
<time>2026-01-22T06:47:13Z</time></trkpt>
<trkpt lat="50.159666" lon="8.77987">
<ele>166</ele>
<time>2026-01-22T06:48:47Z</time></trkpt>
<trkpt lat="50.159765" lon="8.780568">
<ele>165</ele>
<time>2026-01-22T06:49:29Z</time></trkpt>
<trkpt lat="50.159827" lon="8.781151">
<ele>165</ele>
<time>2026-01-22T06:50:04Z</time></trkpt>
<trkpt lat="50.159861" lon="8.781908">
<ele>163</ele>
<time>2026-01-22T06:50:49Z</time></trkpt>
<trkpt lat="50.159853" lon="8.782683">
<ele>161</ele>
<time>2026-01-22T06:51:35Z</time></trkpt>
<trkpt lat="50.159711" lon="8.786792">
<ele>152</ele>
<time>2026-01-22T06:55:37Z</time></trkpt>
<trkpt lat="50.159689" lon="8.787902">
<ele>150</ele>
<time>2026-01-22T06:56:45Z</time></trkpt>
<trkpt lat="50.159709" lon="8.788685">
<ele>149</ele>
<time>2026-01-22T06:57:33Z</time></trkpt>
<trkpt lat="50.159955" lon="8.791201">
<ele>146</ele>
<time>2026-01-22T07:00:07Z</time></trkpt>
<trkpt lat="50.159977" lon="8.791833">
<ele>145</ele>
<time>2026-01-22T07:00:45Z</time></trkpt>
<trkpt lat="50.159944" lon="8.792547">
<ele>144</ele>
<time>2026-01-22T07:01:26Z</time></trkpt>
<trkpt lat="50.159871" lon="8.793095">
<ele>143</ele>
<time>2026-01-22T07:01:58Z</time></trkpt>
<trkpt lat="50.158198" lon="8.800894">
<ele>118</ele>
<time>2026-01-22T07:09:48Z</time></trkpt>
<trkpt lat="50.157833" lon="8.802575">
<ele>117</ele>
<time>2026-01-22T07:11:35Z</time></trkpt>
<trkpt lat="50.157374" lon="8.804882">
<ele>114</ele>
<time>2026-01-22T07:14:03Z</time></trkpt>
<trkpt lat="50.157157" lon="8.806097">
<ele>111</ele>
<time>2026-01-22T07:15:23Z</time></trkpt>
<trkpt lat="50.157087" lon="8.806514">
<ele>110</ele>
<time>2026-01-22T07:15:55Z</time></trkpt>
<trkpt lat="50.156691" lon="8.808967">
<ele>113</ele>
<time>2026-01-22T07:19:02Z</time></trkpt>
<trkpt lat="50.156052" lon="8.813172">
<ele>121</ele>
<time>2026-01-22T07:24:02Z</time></trkpt>
<trkpt lat="50.155926" lon="8.813887">
<ele>121</ele>
<time>2026-01-22T07:24:50Z</time></trkpt>
<trkpt lat="50.155794" lon="8.814513">
<ele>121</ele>
<time>2026-01-22T07:25:34Z</time></trkpt>
<trkpt lat="50.155707" lon="8.814854">
<ele>121</ele>
<time>2026-01-22T07:25:58Z</time></trkpt>
<trkpt lat="50.155431" lon="8.815782">
<ele>119</ele>
<time>2026-01-22T07:27:03Z</time></trkpt>
<trkpt lat="50.155104" lon="8.816599">
<ele>116</ele>
<time>2026-01-22T07:27:58Z</time></trkpt>
<trkpt lat="50.154951" lon="8.816933">
<ele>115</ele>
<time>2026-01-22T07:28:21Z</time></trkpt>
<trkpt lat="50.154595" lon="8.81764">
<ele>113</ele>
<time>2026-01-22T07:29:12Z</time></trkpt>
<trkpt lat="50.153883" lon="8.818797">
<ele>106</ele>
<time>2026-01-22T07:30:42Z</time></trkpt>
<trkpt lat="50.15327" lon="8.819745">
<ele>103</ele>
<time>2026-01-22T07:32:09Z</time></trkpt>
<trkpt lat="50.152951" lon="8.820245">
<ele>104</ele>
<time>2026-01-22T07:33:12Z</time></trkpt>
<trkpt lat="50.153082" lon="8.820566">
<ele>105</ele>
<time>2026-01-22T07:33:46Z</time></trkpt>
<trkpt lat="50.153139" lon="8.820772">
<ele>107</ele>
<time>2026-01-22T07:34:06Z</time></trkpt>
<trkpt lat="50.15314" lon="8.82132">
<ele>111</ele>
<time>2026-01-22T07:34:55Z</time></trkpt>
<trkpt lat="50.153174" lon="8.821702">
<ele>113</ele>
<time>2026-01-22T07:35:30Z</time></trkpt>
<trkpt lat="50.15343" lon="8.823083">
<ele>119</ele>
<time>2026-01-22T07:37:39Z</time></trkpt>
<trkpt lat="50.153507" lon="8.82368">
<ele>120</ele>
<time>2026-01-22T07:38:33Z</time></trkpt>
<trkpt lat="50.153543" lon="8.824154">
<ele>121</ele>
<time>2026-01-22T07:39:15Z</time></trkpt>
<trkpt lat="50.153552" lon="8.824953">
<ele>121</ele>
<time>2026-01-22T07:40:06Z</time></trkpt>
<trkpt lat="50.153535" lon="8.825493">
<ele>122</ele>
<time>2026-01-22T07:40:40Z</time></trkpt>
<trkpt lat="50.153496" lon="8.825959">
<ele>122</ele>
<time>2026-01-22T07:41:10Z</time></trkpt>
<trkpt lat="50.153355" lon="8.82683">
<ele>121</ele>
<time>2026-01-22T07:42:06Z</time></trkpt>
<trkpt lat="50.153275" lon="8.826865">
<ele>121</ele>
<time>2026-01-22T07:42:15Z</time></trkpt>
<trkpt lat="50.153246" lon="8.826941">
<ele>121</ele>
<time>2026-01-22T07:42:20Z</time></trkpt>
<trkpt lat="50.153251" lon="8.827031">
<ele>121</ele>
<time>2026-01-22T07:42:26Z</time></trkpt>
<trkpt lat="50.15329" lon="8.827099">
<ele>121</ele>
<time>2026-01-22T07:42:32Z</time></trkpt>
<trkpt lat="50.153317" lon="8.827116">
<ele>121</ele>
<time>2026-01-22T07:42:34Z</time></trkpt>
<trkpt lat="50.153088" lon="8.82816">
<ele>119</ele>
<time>2026-01-22T07:43:44Z</time></trkpt>
<trkpt lat="50.152989" lon="8.82868">
<ele>119</ele>
<time>2026-01-22T07:44:19Z</time></trkpt>
<trkpt lat="50.152945" lon="8.829277">
<ele>119</ele>
<time>2026-01-22T07:44:56Z</time></trkpt>
<trkpt lat="50.152935" lon="8.830203">
<ele>119</ele>
<time>2026-01-22T07:45:54Z</time></trkpt>
<trkpt lat="50.152899" lon="8.830413">
<ele>118</ele>
<time>2026-01-22T07:46:08Z</time></trkpt>
<trkpt lat="50.152824" lon="8.830552">
<ele>118</ele>
<time>2026-01-22T07:46:19Z</time></trkpt>
<trkpt lat="50.152735" lon="8.830648">
<ele>118</ele>
<time>2026-01-22T07:46:30Z</time></trkpt>
<trkpt lat="50.152224" lon="8.831101">
<ele>117</ele>
<time>2026-01-22T07:47:28Z</time></trkpt>
<trkpt lat="50.152174" lon="8.831168">
<ele>117</ele>
<time>2026-01-22T07:47:34Z</time></trkpt>
<trkpt lat="50.152176" lon="8.831262">
<ele>117</ele>
<time>2026-01-22T07:47:40Z</time></trkpt>
<trkpt lat="50.152547" lon="8.832239">
<ele>116</ele>
<time>2026-01-22T07:48:51Z</time></trkpt>
<trkpt lat="50.152828" lon="8.833258">
<ele>116</ele>
<time>2026-01-22T07:50:02Z</time></trkpt>
<trkpt lat="50.152936" lon="8.833532">
<ele>117</ele>
<time>2026-01-22T07:50:25Z</time></trkpt>
<trkpt lat="50.153248" lon="8.834176">
<ele>118</ele>
<time>2026-01-22T07:51:21Z</time></trkpt>
<trkpt lat="50.153515" lon="8.834877">
<ele>119</ele>
<time>2026-01-22T07:52:18Z</time></trkpt>
<trkpt lat="50.153707" lon="8.835515">
<ele>121</ele>
<time>2026-01-22T07:53:07Z</time></trkpt>
<trkpt lat="50.153876" lon="8.836356">
<ele>122</ele>
<time>2026-01-22T07:54:09Z</time></trkpt>
<trkpt lat="50.153998" lon="8.837335">
<ele>120</ele>
<time>2026-01-22T07:55:19Z</time></trkpt>
<trkpt lat="50.153984" lon="8.837545">
<ele>119</ele>
<time>2026-01-22T07:55:33Z</time></trkpt>
<trkpt lat="50.154017" lon="8.837581">
<ele>119</ele>
<time>2026-01-22T07:55:38Z</time></trkpt>
<trkpt lat="50.154228" lon="8.838188">
<ele>119</ele>
<time>2026-01-22T07:56:20Z</time></trkpt>
<trkpt lat="50.154909" lon="8.839723">
<ele>116</ele>
<time>2026-01-22T07:58:12Z</time></trkpt>
<trkpt lat="50.155886" lon="8.842127">
<ele>112</ele>
<time>2026-01-22T08:01:05Z</time></trkpt>
<trkpt lat="50.156435" lon="8.844106">
<ele>111</ele>
<time>2026-01-22T08:03:21Z</time></trkpt>
<trkpt lat="50.156425" lon="8.844294">
<ele>111</ele>
<time>2026-01-22T08:03:33Z</time></trkpt>
<trkpt lat="50.156285" lon="8.844685">
<ele>110</ele>
<time>2026-01-22T08:04:02Z</time></trkpt>
<trkpt lat="50.156491" lon="8.844899">
<ele>110</ele>
<time>2026-01-22T08:04:26Z</time></trkpt>
<trkpt lat="50.156608" lon="8.845064">
<ele>111</ele>
<time>2026-01-22T08:04:41Z</time></trkpt>
<trkpt lat="50.156722" lon="8.845268">
<ele>110</ele>
<time>2026-01-22T08:04:59Z</time></trkpt>
<trkpt lat="50.156842" lon="8.84556">
<ele>111</ele>
<time>2026-01-22T08:05:21Z</time></trkpt>
<trkpt lat="50.157046" lon="8.846155">
<ele>110</ele>
<time>2026-01-22T08:06:03Z</time></trkpt>
<trkpt lat="50.157259" lon="8.846829">
<ele>110</ele>
<time>2026-01-22T08:06:51Z</time></trkpt>
<trkpt lat="50.157446" lon="8.847321">
<ele>111</ele>
<time>2026-01-22T08:07:28Z</time></trkpt>
<trkpt lat="50.157596" lon="8.847666">
<ele>110</ele>
<time>2026-01-22T08:07:54Z</time></trkpt>
<trkpt lat="50.157847" lon="8.848169">
<ele>110</ele>
<time>2026-01-22T08:08:35Z</time></trkpt>
<trkpt lat="50.158795" lon="8.849819">
<ele>109</ele>
<time>2026-01-22T08:10:56Z</time></trkpt>
<trkpt lat="50.159547" lon="8.851192">
<ele>109</ele>
<time>2026-01-22T08:12:53Z</time></trkpt>
<trkpt lat="50.160135" lon="8.85214">
<ele>109</ele>
<time>2026-01-22T08:14:20Z</time></trkpt>
<trkpt lat="50.160753" lon="8.853043">
<ele>110</ele>
<time>2026-01-22T08:15:47Z</time></trkpt>
<trkpt lat="50.161259" lon="8.853707">
<ele>110</ele>
<time>2026-01-22T08:16:54Z</time></trkpt>
<trkpt lat="50.161719" lon="8.854267">
<ele>110</ele>
<time>2026-01-22T08:18:01Z</time></trkpt>
<trkpt lat="50.162031" lon="8.85463">
<ele>110</ele>
<time>2026-01-22T08:18:46Z</time></trkpt>
<trkpt lat="50.162103" lon="8.854833">
<ele>110</ele>
<time>2026-01-22T08:19:04Z</time></trkpt>
<trkpt lat="50.162113" lon="8.855039">
<ele>110</ele>
<time>2026-01-22T08:19:19Z</time></trkpt>
<trkpt lat="50.165345" lon="8.854709">
<ele>123</ele>
<time>2026-01-22T08:25:25Z</time></trkpt>
<trkpt lat="50.165972" lon="8.854711">
<ele>123</ele>
<time>2026-01-22T08:26:34Z</time></trkpt>
<trkpt lat="50.16682" lon="8.85476">
<ele>123</ele>
<time>2026-01-22T08:28:06Z</time></trkpt>
<trkpt lat="50.166852" lon="8.854764">
<ele>123</ele>
<time>2026-01-22T08:28:10Z</time></trkpt>
<trkpt lat="50.16682" lon="8.85476">
<ele>123</ele>
<time>2026-01-22T08:28:13Z</time></trkpt>
<trkpt lat="50.167439" lon="8.856606">
<ele>120</ele>
<time>2026-01-22T08:30:30Z</time></trkpt>
<trkpt lat="50.167762" lon="8.857306">
<ele>120</ele>
<time>2026-01-22T08:31:25Z</time></trkpt>
<trkpt lat="50.167851" lon="8.857567">
<ele>119</ele>
<time>2026-01-22T08:31:44Z</time></trkpt>
<trkpt lat="50.167977" lon="8.858141">
<ele>119</ele>
<time>2026-01-22T08:32:23Z</time></trkpt>
<trkpt lat="50.168131" lon="8.858533">
<ele>118</ele>
<time>2026-01-22T08:32:52Z</time></trkpt>
<trkpt lat="50.168317" lon="8.858895">
<ele>119</ele>
<time>2026-01-22T08:33:22Z</time></trkpt>
<trkpt lat="50.168372" lon="8.858962">
<ele>119</ele>
<time>2026-01-22T08:33:28Z</time></trkpt>
<trkpt lat="50.168471" lon="8.859041">
<ele>119</ele>
<time>2026-01-22T08:33:40Z</time></trkpt>
<trkpt lat="50.168527" lon="8.859134">
<ele>120</ele>
<time>2026-01-22T08:33:48Z</time></trkpt>
<trkpt lat="50.168743" lon="8.859665">
<ele>120</ele>
<time>2026-01-22T08:34:28Z</time></trkpt>
<trkpt lat="50.168912" lon="8.860114">
<ele>121</ele>
<time>2026-01-22T08:34:59Z</time></trkpt>
<trkpt lat="50.169031" lon="8.860523">
<ele>122</ele>
<time>2026-01-22T08:35:27Z</time></trkpt>
<trkpt lat="50.169045" lon="8.860649">
<ele>122</ele>
<time>2026-01-22T08:35:34Z</time></trkpt>
<trkpt lat="50.168762" lon="8.86291">
<ele>116</ele>
<time>2026-01-22T08:37:54Z</time></trkpt>
<trkpt lat="50.168709" lon="8.863514">
<ele>114</ele>
<time>2026-01-22T08:38:31Z</time></trkpt>
<trkpt lat="50.168719" lon="8.863757">
<ele>114</ele>
<time>2026-01-22T08:38:46Z</time></trkpt>
<trkpt lat="50.168811" lon="8.864029">
<ele>114</ele>
<time>2026-01-22T08:39:05Z</time></trkpt>
<trkpt lat="50.16906" lon="8.864661">
<ele>113</ele>
<time>2026-01-22T08:39:51Z</time></trkpt>
<trkpt lat="50.170229" lon="8.867556">
<ele>114</ele>
<time>2026-01-22T08:43:36Z</time></trkpt>
<trkpt lat="50.171303" lon="8.870046">
<ele>114</ele>
<time>2026-01-22T08:46:50Z</time></trkpt>
<trkpt lat="50.171523" lon="8.8706">
<ele>114</ele>
<time>2026-01-22T08:47:32Z</time></trkpt>
<trkpt lat="50.171956" lon="8.871877">
<ele>114</ele>
<time>2026-01-22T08:49:05Z</time></trkpt>
<trkpt lat="50.172027" lon="8.87214">
<ele>114</ele>
<time>2026-01-22T08:49:23Z</time></trkpt>
<trkpt lat="50.17223" lon="8.873177">
<ele>114</ele>
<time>2026-01-22T08:50:33Z</time></trkpt>
<trkpt lat="50.172363" lon="8.873908">
<ele>114</ele>
<time>2026-01-22T08:51:21Z</time></trkpt>
<trkpt lat="50.172436" lon="8.874288">
<ele>114</ele>
<time>2026-01-22T08:51:46Z</time></trkpt>
<trkpt lat="50.172527" lon="8.874637">
<ele>113</ele>
<time>2026-01-22T08:52:10Z</time></trkpt>
<trkpt lat="50.173219" lon="8.876808">
<ele>113</ele>
<time>2026-01-22T08:54:45Z</time></trkpt>
<trkpt lat="50.173438" lon="8.877552">
<ele>113</ele>
<time>2026-01-22T08:55:37Z</time></trkpt>
<trkpt lat="50.173938" lon="8.879415">
<ele>113</ele>
<time>2026-01-22T08:57:49Z</time></trkpt>
<trkpt lat="50.174059" lon="8.879905">
<ele>113</ele>
<time>2026-01-22T08:58:24Z</time></trkpt>
<trkpt lat="50.17411" lon="8.88021">
<ele>113</ele>
<time>2026-01-22T08:58:44Z</time></trkpt>
<trkpt lat="50.17405" lon="8.880289">
<ele>113</ele>
<time>2026-01-22T08:58:52Z</time></trkpt>
<trkpt lat="50.174028" lon="8.880405">
<ele>113</ele>
<time>2026-01-22T08:59:00Z</time></trkpt>
<trkpt lat="50.174039" lon="8.880487">
<ele>113</ele>
<time>2026-01-22T08:59:06Z</time></trkpt>
<trkpt lat="50.174068" lon="8.880557">
<ele>113</ele>
<time>2026-01-22T08:59:11Z</time></trkpt>
<trkpt lat="50.174124" lon="8.880609">
<ele>113</ele>
<time>2026-01-22T08:59:18Z</time></trkpt>
<trkpt lat="50.174221" lon="8.8806">
<ele>113</ele>
<time>2026-01-22T08:59:28Z</time></trkpt>
<trkpt lat="50.174446" lon="8.881459">
<ele>114</ele>
<time>2026-01-22T09:00:29Z</time></trkpt>
<trkpt lat="50.174984" lon="8.882882">
<ele>114</ele>
<time>2026-01-22T09:02:17Z</time></trkpt>
<trkpt lat="50.175232" lon="8.883489">
<ele>114</ele>
<time>2026-01-22T09:03:04Z</time></trkpt>
<trkpt lat="50.176589" lon="8.88602">
<ele>115</ele>
<time>2026-01-22T09:06:41Z</time></trkpt>
<trkpt lat="50.176909" lon="8.886722">
<ele>115</ele>
<time>2026-01-22T09:07:36Z</time></trkpt>
<trkpt lat="50.177415" lon="8.887934">
<ele>115</ele>
<time>2026-01-22T09:09:09Z</time></trkpt>
<trkpt lat="50.177582" lon="8.888291">
<ele>115</ele>
<time>2026-01-22T09:09:37Z</time></trkpt>
<trkpt lat="50.177677" lon="8.888454">
<ele>115</ele>
<time>2026-01-22T09:09:51Z</time></trkpt>
<trkpt lat="50.177742" lon="8.888582">
<ele>115</ele>
<time>2026-01-22T09:10:02Z</time></trkpt>
<trkpt lat="50.178269" lon="8.890192">
<ele>115</ele>
<time>2026-01-22T09:11:58Z</time></trkpt>
<trkpt lat="50.178281" lon="8.890298">
<ele>115</ele>
<time>2026-01-22T09:12:05Z</time></trkpt>
<trkpt lat="50.178174" lon="8.891271">
<ele>114</ele>
<time>2026-01-22T09:13:09Z</time></trkpt>
<trkpt lat="50.178131" lon="8.891528">
<ele>114</ele>
<time>2026-01-22T09:13:27Z</time></trkpt>
<trkpt lat="50.178013" lon="8.891974">
<ele>114</ele>
<time>2026-01-22T09:13:58Z</time></trkpt>
<trkpt lat="50.177979" lon="8.892152">
<ele>114</ele>
<time>2026-01-22T09:14:11Z</time></trkpt>
<trkpt lat="50.177996" lon="8.892342">
<ele>114</ele>
<time>2026-01-22T09:14:23Z</time></trkpt>
<trkpt lat="50.178988" lon="8.894588">
<ele>116</ele>
<time>2026-01-22T09:17:22Z</time></trkpt>
<trkpt lat="50.179115" lon="8.894926">
<ele>116</ele>
<time>2026-01-22T09:17:48Z</time></trkpt>
<trkpt lat="50.179277" lon="8.895428">
<ele>116</ele>
<time>2026-01-22T09:18:23Z</time></trkpt>
<trkpt lat="50.17938" lon="8.895886">
<ele>116</ele>
<time>2026-01-22T09:18:54Z</time></trkpt>
<trkpt lat="50.179469" lon="8.896382">
<ele>116</ele>
<time>2026-01-22T09:19:27Z</time></trkpt>
<trkpt lat="50.179525" lon="8.896829">
<ele>116</ele>
<time>2026-01-22T09:19:55Z</time></trkpt>
<trkpt lat="50.179757" lon="8.899239">
<ele>114</ele>
<time>2026-01-22T09:22:29Z</time></trkpt>
<trkpt lat="50.179989" lon="8.900641">
<ele>114</ele>
<time>2026-01-22T09:24:02Z</time></trkpt>
<trkpt lat="50.180096" lon="8.901478">
<ele>114</ele>
<time>2026-01-22T09:24:56Z</time></trkpt>
<trkpt lat="50.180121" lon="8.901948">
<ele>114</ele>
<time>2026-01-22T09:25:27Z</time></trkpt>
<trkpt lat="50.180135" lon="8.902873">
<ele>114</ele>
<time>2026-01-22T09:26:26Z</time></trkpt>
<trkpt lat="50.18013" lon="8.903907">
<ele>114</ele>
<time>2026-01-22T09:27:32Z</time></trkpt>
<trkpt lat="50.180122" lon="8.904335">
<ele>114</ele>
<time>2026-01-22T09:28:00Z</time></trkpt>
<trkpt lat="50.1804434" lon="8.9051056">
<ele>114</ele>
<time>2026-01-22T09:29:06Z</time></trkpt>
<trkpt lat="50.1808144" lon="8.9058352">
<ele>114</ele>
<time>2026-01-22T09:30:20Z</time></trkpt>
<trkpt lat="50.1811854" lon="8.906672">
<ele>116</ele>
<time>2026-01-22T09:31:41Z</time></trkpt>
<trkpt lat="50.1817763" lon="8.906951">
<ele>119</ele>
<time>2026-01-22T09:32:58Z</time></trkpt>
<trkpt lat="50.181774" lon="8.906969">
<ele>119</ele>
<time>2026-01-22T09:33:00Z</time></trkpt>
<trkpt lat="50.182601" lon="8.907174">
<ele>124</ele>
<time>2026-01-22T09:34:44Z</time></trkpt>
<trkpt lat="50.183279" lon="8.907446">
<ele>127</ele>
<time>2026-01-22T09:36:13Z</time></trkpt>
<trkpt lat="50.184644" lon="8.908096">
<ele>134</ele>
<time>2026-01-22T09:39:17Z</time></trkpt>
<trkpt lat="50.18511" lon="8.908294">
<ele>136</ele>
<time>2026-01-22T09:40:19Z</time></trkpt>
<trkpt lat="50.185581" lon="8.908442">
<ele>137</ele>
<time>2026-01-22T09:41:21Z</time></trkpt>
<trkpt lat="50.185917" lon="8.908519">
<ele>138</ele>
<time>2026-01-22T09:42:05Z</time></trkpt>
<trkpt lat="50.18626" lon="8.90856">
<ele>140</ele>
<time>2026-01-22T09:42:44Z</time></trkpt>
<trkpt lat="50.186888" lon="8.908546">
<ele>142</ele>
<time>2026-01-22T09:43:55Z</time></trkpt>
<trkpt lat="50.187266" lon="8.908484">
<ele>143</ele>
<time>2026-01-22T09:44:39Z</time></trkpt>
<trkpt lat="50.187536" lon="8.908414">
<ele>144</ele>
<time>2026-01-22T09:45:10Z</time></trkpt>
<trkpt lat="50.188035" lon="8.908225">
<ele>144</ele>
<time>2026-01-22T09:46:08Z</time></trkpt>
<trkpt lat="50.188454" lon="8.908005">
<ele>145</ele>
<time>2026-01-22T09:46:58Z</time></trkpt>
<trkpt lat="50.189" lon="8.907616">
<ele>145</ele>
<time>2026-01-22T09:48:06Z</time></trkpt>
<trkpt lat="50.189493" lon="8.907164">
<ele>143</ele>
<time>2026-01-22T09:49:03Z</time></trkpt>
<trkpt lat="50.18993" lon="8.906659">
<ele>141</ele>
<time>2026-01-22T09:49:56Z</time></trkpt>
<trkpt lat="50.190139" lon="8.906373">
<ele>140</ele>
<time>2026-01-22T09:50:23Z</time></trkpt>
<trkpt lat="50.190458" lon="8.905887">
<ele>140</ele>
<time>2026-01-22T09:51:06Z</time></trkpt>
<trkpt lat="50.191344" lon="8.904256">
<ele>140</ele>
<time>2026-01-22T09:53:19Z</time></trkpt>
<trkpt lat="50.191712" lon="8.903649">
<ele>142</ele>
<time>2026-01-22T09:54:19Z</time></trkpt>
<trkpt lat="50.192174" lon="8.903022">
<ele>144</ele>
<time>2026-01-22T09:55:30Z</time></trkpt>
<trkpt lat="50.192577" lon="8.902583">
<ele>146</ele>
<time>2026-01-22T09:56:27Z</time></trkpt>
<trkpt lat="50.192986" lon="8.902227">
<ele>147</ele>
<time>2026-01-22T09:57:21Z</time></trkpt>
<trkpt lat="50.193264" lon="8.902015">
<ele>147</ele>
<time>2026-01-22T09:57:56Z</time></trkpt>
<trkpt lat="50.193685" lon="8.901754">
<ele>147</ele>
<time>2026-01-22T09:58:49Z</time></trkpt>
<trkpt lat="50.194381" lon="8.901458">
<ele>147</ele>
<time>2026-01-22T10:00:06Z</time></trkpt>
<trkpt lat="50.195011" lon="8.901319">
<ele>147</ele>
<time>2026-01-22T10:01:05Z</time></trkpt>
<trkpt lat="50.195452" lon="8.901292">
<ele>146</ele>
<time>2026-01-22T10:01:46Z</time></trkpt>
<trkpt lat="50.195903" lon="8.901319">
<ele>145</ele>
<time>2026-01-22T10:02:28Z</time></trkpt>
<trkpt lat="50.196278" lon="8.901383">
<ele>143</ele>
<time>2026-01-22T10:03:03Z</time></trkpt>
<trkpt lat="50.197033" lon="8.901636">
<ele>138</ele>
<time>2026-01-22T10:04:14Z</time></trkpt>
<trkpt lat="50.197554" lon="8.901888">
<ele>136</ele>
<time>2026-01-22T10:05:11Z</time></trkpt>
<trkpt lat="50.198001" lon="8.902146">
<ele>137</ele>
<time>2026-01-22T10:06:07Z</time></trkpt>
<trkpt lat="50.199713" lon="8.903273">
<ele>142</ele>
<time>2026-01-22T10:09:46Z</time></trkpt>
<trkpt lat="50.200555" lon="8.903768">
<ele>146</ele>
<time>2026-01-22T10:11:27Z</time></trkpt>
<trkpt lat="50.201292" lon="8.904097">
<ele>148</ele>
<time>2026-01-22T10:12:41Z</time></trkpt>
<trkpt lat="50.201584" lon="8.904197">
<ele>148</ele>
<time>2026-01-22T10:13:10Z</time></trkpt>
<trkpt lat="50.202052" lon="8.9043">
<ele>148</ele>
<time>2026-01-22T10:13:55Z</time></trkpt>
<trkpt lat="50.202636" lon="8.904339">
<ele>147</ele>
<time>2026-01-22T10:14:52Z</time></trkpt>
<trkpt lat="50.202847" lon="8.904325">
<ele>145</ele>
<time>2026-01-22T10:15:12Z</time></trkpt>
<trkpt lat="50.20325" lon="8.904246">
<ele>142</ele>
<time>2026-01-22T10:15:51Z</time></trkpt>
<trkpt lat="50.203615" lon="8.904127">
<ele>139</ele>
<time>2026-01-22T10:16:27Z</time></trkpt>
<trkpt lat="50.204042" lon="8.903937">
<ele>137</ele>
<time>2026-01-22T10:17:11Z</time></trkpt>
<trkpt lat="50.204213" lon="8.90383">
<ele>136</ele>
<time>2026-01-22T10:17:30Z</time></trkpt>
<trkpt lat="50.204514" lon="8.903631">
<ele>135</ele>
<time>2026-01-22T10:18:02Z</time></trkpt>
<trkpt lat="50.204798" lon="8.903373">
<ele>135</ele>
<time>2026-01-22T10:18:35Z</time></trkpt>
<trkpt lat="50.205123" lon="8.903064">
<ele>136</ele>
<time>2026-01-22T10:19:13Z</time></trkpt>
<trkpt lat="50.205469" lon="8.902644">
<ele>137</ele>
<time>2026-01-22T10:19:56Z</time></trkpt>
<trkpt lat="50.206002" lon="8.901846">
<ele>139</ele>
<time>2026-01-22T10:21:10Z</time></trkpt>
<trkpt lat="50.207415" lon="8.899309">
<ele>141</ele>
<time>2026-01-22T10:25:06Z</time></trkpt>
<trkpt lat="50.208816" lon="8.896929">
<ele>145</ele>
<time>2026-01-22T10:29:09Z</time></trkpt>
<trkpt lat="50.20914" lon="8.896404">
<ele>148</ele>
<time>2026-01-22T10:30:09Z</time></trkpt>
<trkpt lat="50.209342" lon="8.896121">
<ele>150</ele>
<time>2026-01-22T10:30:44Z</time></trkpt>
<trkpt lat="50.20968" lon="8.895688">
<ele>153</ele>
<time>2026-01-22T10:31:40Z</time></trkpt>
<trkpt lat="50.210525" lon="8.89474">
<ele>156</ele>
<time>2026-01-22T10:33:54Z</time></trkpt>
<trkpt lat="50.211042" lon="8.89411">
<ele>157</ele>
<time>2026-01-22T10:35:23Z</time></trkpt>
<trkpt lat="50.211489" lon="8.893467">
<ele>157</ele>
<time>2026-01-22T10:36:50Z</time></trkpt>
<trkpt lat="50.212515" lon="8.891878">
<ele>167</ele>
<time>2026-01-22T10:40:15Z</time></trkpt>
<trkpt lat="50.213281" lon="8.890717">
<ele>176</ele>
<time>2026-01-22T10:42:34Z</time></trkpt>
<trkpt lat="50.214399" lon="8.88917">
<ele>171</ele>
<time>2026-01-22T10:44:49Z</time></trkpt>
<trkpt lat="50.214768" lon="8.8886">
<ele>168</ele>
<time>2026-01-22T10:45:36Z</time></trkpt>
<trkpt lat="50.214988" lon="8.88819">
<ele>166</ele>
<time>2026-01-22T10:46:07Z</time></trkpt>
<trkpt lat="50.215268" lon="8.88756">
<ele>163</ele>
<time>2026-01-22T10:46:51Z</time></trkpt>
<trkpt lat="50.21541" lon="8.887176">
<ele>163</ele>
<time>2026-01-22T10:47:19Z</time></trkpt>
<trkpt lat="50.215537" lon="8.886775">
<ele>163</ele>
<time>2026-01-22T10:47:51Z</time></trkpt>
<trkpt lat="50.215704" lon="8.886133">
<ele>165</ele>
<time>2026-01-22T10:48:39Z</time></trkpt>
<trkpt lat="50.215831" lon="8.885436">
<ele>165</ele>
<time>2026-01-22T10:49:29Z</time></trkpt>
<trkpt lat="50.21591" lon="8.88475">
<ele>166</ele>
<time>2026-01-22T10:50:18Z</time></trkpt>
<trkpt lat="50.215947" lon="8.884085">
<ele>167</ele>
<time>2026-01-22T10:51:05Z</time></trkpt>
<trkpt lat="50.215936" lon="8.883228">
<ele>167</ele>
<time>2026-01-22T10:52:04Z</time></trkpt>
<trkpt lat="50.215902" lon="8.882775">
<ele>167</ele>
<time>2026-01-22T10:52:36Z</time></trkpt>
<trkpt lat="50.215845" lon="8.88229">
<ele>167</ele>
<time>2026-01-22T10:53:07Z</time></trkpt>
<trkpt lat="50.215762" lon="8.881784">
<ele>167</ele>
<time>2026-01-22T10:53:34Z</time></trkpt>
<trkpt lat="50.215494" lon="8.880368">
<ele>164</ele>
<time>2026-01-22T10:54:51Z</time></trkpt>
<trkpt lat="50.21541" lon="8.879753">
<ele>161</ele>
<time>2026-01-22T10:55:24Z</time></trkpt>
<trkpt lat="50.215342" lon="8.878891">
<ele>156</ele>
<time>2026-01-22T10:56:09Z</time></trkpt>
<trkpt lat="50.215329" lon="8.878323">
<ele>150</ele>
<time>2026-01-22T10:56:39Z</time></trkpt>
<trkpt lat="50.215338" lon="8.877829">
<ele>144</ele>
<time>2026-01-22T10:57:04Z</time></trkpt>
<trkpt lat="50.215384" lon="8.877124">
<ele>137</ele>
<time>2026-01-22T10:57:45Z</time></trkpt>
<trkpt lat="50.215469" lon="8.876428">
<ele>131</ele>
<time>2026-01-22T10:58:30Z</time></trkpt>
<trkpt lat="50.215592" lon="8.875746">
<ele>132</ele>
<time>2026-01-22T10:59:14Z</time></trkpt>
<trkpt lat="50.215754" lon="8.875084">
<ele>138</ele>
<time>2026-01-22T10:59:59Z</time></trkpt>
<trkpt lat="50.216004" lon="8.874266">
<ele>144</ele>
<time>2026-01-22T11:00:55Z</time></trkpt>
<trkpt lat="50.216425" lon="8.873076">
<ele>141</ele>
<time>2026-01-22T11:02:21Z</time></trkpt>
<trkpt lat="50.216759" lon="8.872255">
<ele>133</ele>
<time>2026-01-22T11:03:15Z</time></trkpt>
<trkpt lat="50.217313" lon="8.871011">
<ele>123</ele>
<time>2026-01-22T11:04:35Z</time></trkpt>
<trkpt lat="50.217537" lon="8.870542">
<ele>121</ele>
<time>2026-01-22T11:05:06Z</time></trkpt>
<trkpt lat="50.217997" lon="8.869644">
<ele>117</ele>
<time>2026-01-22T11:06:07Z</time></trkpt>
<trkpt lat="50.218443" lon="8.868836">
<ele>116</ele>
<time>2026-01-22T11:07:03Z</time></trkpt>
<trkpt lat="50.218999" lon="8.867915">
<ele>114</ele>
<time>2026-01-22T11:08:26Z</time></trkpt>
<trkpt lat="50.219473" lon="8.8672">
<ele>112</ele>
<time>2026-01-22T11:09:34Z</time></trkpt>
<trkpt lat="50.220135" lon="8.866263">
<ele>113</ele>
<time>2026-01-22T11:11:05Z</time></trkpt>
<trkpt lat="50.220485" lon="8.865804">
<ele>115</ele>
<time>2026-01-22T11:11:52Z</time></trkpt>
<trkpt lat="50.221209" lon="8.864933">
<ele>119</ele>
<time>2026-01-22T11:13:33Z</time></trkpt>
<trkpt lat="50.221962" lon="8.864125">
<ele>121</ele>
<time>2026-01-22T11:15:20Z</time></trkpt>
<trkpt lat="50.222295" lon="8.863776">
<ele>122</ele>
<time>2026-01-22T11:16:08Z</time></trkpt>
<trkpt lat="50.224222" lon="8.861926">
<ele>126</ele>
<time>2026-01-22T11:20:20Z</time></trkpt>
<trkpt lat="50.228734" lon="8.857683">
<ele>124</ele>
<time>2026-01-22T11:29:05Z</time></trkpt>
<trkpt lat="50.229818" lon="8.85665">
<ele>125</ele>
<time>2026-01-22T11:31:16Z</time></trkpt>
<trkpt lat="50.230342" lon="8.856155">
<ele>125</ele>
<time>2026-01-22T11:32:20Z</time></trkpt>
<trkpt lat="50.231444" lon="8.855137">
<ele>125</ele>
<time>2026-01-22T11:34:34Z</time></trkpt>
<trkpt lat="50.231994" lon="8.854676">
<ele>126</ele>
<time>2026-01-22T11:35:39Z</time></trkpt>
<trkpt lat="50.232429" lon="8.854379">
<ele>127</ele>
<time>2026-01-22T11:36:30Z</time></trkpt>
<trkpt lat="50.232877" lon="8.85413">
<ele>127</ele>
<time>2026-01-22T11:37:21Z</time></trkpt>
<trkpt lat="50.233567" lon="8.853849">
<ele>127</ele>
<time>2026-01-22T11:38:37Z</time></trkpt>
<trkpt lat="50.234054" lon="8.853726">
<ele>128</ele>
<time>2026-01-22T11:39:30Z</time></trkpt>
<trkpt lat="50.234735" lon="8.85367">
<ele>129</ele>
<time>2026-01-22T11:40:42Z</time></trkpt>
<trkpt lat="50.235006" lon="8.853671">
<ele>129</ele>
<time>2026-01-22T11:41:12Z</time></trkpt>
<trkpt lat="50.235219" lon="8.853683">
<ele>130</ele>
<time>2026-01-22T11:41:37Z</time></trkpt>
<trkpt lat="50.235888" lon="8.853792">
<ele>131</ele>
<time>2026-01-22T11:42:54Z</time></trkpt>
<trkpt lat="50.237046" lon="8.854088">
<ele>133</ele>
<time>2026-01-22T11:45:10Z</time></trkpt>
<trkpt lat="50.237438" lon="8.854171">
<ele>134</ele>
<time>2026-01-22T11:45:56Z</time></trkpt>
<trkpt lat="50.241072" lon="8.855063">
<ele>143</ele>
<time>2026-01-22T11:53:08Z</time></trkpt>
<trkpt lat="50.241699" lon="8.855236">
<ele>144</ele>
<time>2026-01-22T11:54:16Z</time></trkpt>
<trkpt lat="50.242179" lon="8.855421">
<ele>146</ele>
<time>2026-01-22T11:55:04Z</time></trkpt>
<trkpt lat="50.242552" lon="8.855605">
<ele>146</ele>
<time>2026-01-22T11:55:43Z</time></trkpt>
<trkpt lat="50.24276" lon="8.855735">
<ele>147</ele>
<time>2026-01-22T11:56:05Z</time></trkpt>
<trkpt lat="50.243004" lon="8.855899">
<ele>146</ele>
<time>2026-01-22T11:56:31Z</time></trkpt>
<trkpt lat="50.243107" lon="8.855979">
<ele>146</ele>
<time>2026-01-22T11:56:43Z</time></trkpt>
<trkpt lat="50.243567" lon="8.856376">
<ele>144</ele>
<time>2026-01-22T11:57:35Z</time></trkpt>
<trkpt lat="50.243756" lon="8.856558">
<ele>144</ele>
<time>2026-01-22T11:57:56Z</time></trkpt>
<trkpt lat="50.244008" lon="8.856846">
<ele>143</ele>
<time>2026-01-22T11:58:27Z</time></trkpt>
<trkpt lat="50.244344" lon="8.857255">
<ele>141</ele>
<time>2026-01-22T11:59:09Z</time></trkpt>
<trkpt lat="50.24473" lon="8.857842">
<ele>139</ele>
<time>2026-01-22T11:59:58Z</time></trkpt>
<trkpt lat="50.245116" lon="8.858543">
<ele>138</ele>
<time>2026-01-22T12:00:52Z</time></trkpt>
<trkpt lat="50.245406" lon="8.859177">
<ele>136</ele>
<time>2026-01-22T12:01:37Z</time></trkpt>
<trkpt lat="50.245544" lon="8.859532">
<ele>135</ele>
<time>2026-01-22T12:02:01Z</time></trkpt>
<trkpt lat="50.245808" lon="8.860295">
<ele>132</ele>
<time>2026-01-22T12:02:52Z</time></trkpt>
<trkpt lat="50.245965" lon="8.860895">
<ele>131</ele>
<time>2026-01-22T12:03:29Z</time></trkpt>
<trkpt lat="50.246103" lon="8.861553">
<ele>129</ele>
<time>2026-01-22T12:04:11Z</time></trkpt>
<trkpt lat="50.246249" lon="8.862529">
<ele>128</ele>
<time>2026-01-22T12:05:14Z</time></trkpt>
<trkpt lat="50.246296" lon="8.863092">
<ele>127</ele>
<time>2026-01-22T12:05:49Z</time></trkpt>
<trkpt lat="50.246324" lon="8.863645">
<ele>127</ele>
<time>2026-01-22T12:06:24Z</time></trkpt>
<trkpt lat="50.246324" lon="8.864444">
<ele>127</ele>
<time>2026-01-22T12:07:14Z</time></trkpt>
<trkpt lat="50.246305" lon="8.864988">
<ele>127</ele>
<time>2026-01-22T12:07:48Z</time></trkpt>
<trkpt lat="50.246254" lon="8.865637">
<ele>127</ele>
<time>2026-01-22T12:08:29Z</time></trkpt>
<trkpt lat="50.246222" lon="8.865911">
<ele>127</ele>
<time>2026-01-22T12:08:47Z</time></trkpt>
<trkpt lat="50.246056" lon="8.867124">
<ele>127</ele>
<time>2026-01-22T12:10:04Z</time></trkpt>
<trkpt lat="50.245442" lon="8.870551">
<ele>125</ele>
<time>2026-01-22T12:13:47Z</time></trkpt>
<trkpt lat="50.245351" lon="8.871404">
<ele>124</ele>
<time>2026-01-22T12:14:43Z</time></trkpt>
<trkpt lat="50.245329" lon="8.871835">
<ele>124</ele>
<time>2026-01-22T12:15:15Z</time></trkpt>
<trkpt lat="50.245328" lon="8.872612">
<ele>124</ele>
<time>2026-01-22T12:16:11Z</time></trkpt>
<trkpt lat="50.245347" lon="8.872975">
<ele>124</ele>
<time>2026-01-22T12:16:37Z</time></trkpt>
<trkpt lat="50.245432" lon="8.873831">
<ele>126</ele>
<time>2026-01-22T12:17:40Z</time></trkpt>
<trkpt lat="50.245511" lon="8.874324">
<ele>128</ele>
<time>2026-01-22T12:18:17Z</time></trkpt>
<trkpt lat="50.24563" lon="8.874888">
<ele>130</ele>
<time>2026-01-22T12:19:00Z</time></trkpt>
<trkpt lat="50.245795" lon="8.875485">
<ele>130</ele>
<time>2026-01-22T12:19:47Z</time></trkpt>
<trkpt lat="50.245963" lon="8.875987">
<ele>130</ele>
<time>2026-01-22T12:20:29Z</time></trkpt>
<trkpt lat="50.246307" lon="8.876799">
<ele>128</ele>
<time>2026-01-22T12:21:30Z</time></trkpt>
<trkpt lat="50.246557" lon="8.87727">
<ele>128</ele>
<time>2026-01-22T12:22:08Z</time></trkpt>
<trkpt lat="50.246841" lon="8.877723">
<ele>128</ele>
<time>2026-01-22T12:22:47Z</time></trkpt>
<trkpt lat="50.247178" lon="8.87818">
<ele>128</ele>
<time>2026-01-22T12:23:31Z</time></trkpt>
<trkpt lat="50.247545" lon="8.878593">
<ele>128</ele>
<time>2026-01-22T12:24:15Z</time></trkpt>
<trkpt lat="50.24878" lon="8.87978">
<ele>126</ele>
<time>2026-01-22T12:26:34Z</time></trkpt>
<trkpt lat="50.249173" lon="8.880178">
<ele>125</ele>
<time>2026-01-22T12:27:18Z</time></trkpt>
<trkpt lat="50.249636" lon="8.880692">
<ele>124</ele>
<time>2026-01-22T12:28:11Z</time></trkpt>
<trkpt lat="50.249981" lon="8.881116">
<ele>121</ele>
<time>2026-01-22T12:28:53Z</time></trkpt>
<trkpt lat="50.25033" lon="8.881582">
<ele>119</ele>
<time>2026-01-22T12:29:36Z</time></trkpt>
<trkpt lat="50.250678" lon="8.882088">
<ele>118</ele>
<time>2026-01-22T12:30:21Z</time></trkpt>
<trkpt lat="50.251141" lon="8.882844">
<ele>118</ele>
<time>2026-01-22T12:31:29Z</time></trkpt>
<trkpt lat="50.251527" lon="8.883545">
<ele>117</ele>
<time>2026-01-22T12:32:35Z</time></trkpt>
<trkpt lat="50.251762" lon="8.884026">
<ele>117</ele>
<time>2026-01-22T12:33:18Z</time></trkpt>
<trkpt lat="50.252179" lon="8.884971">
<ele>118</ele>
<time>2026-01-22T12:34:40Z</time></trkpt>
<trkpt lat="50.252515" lon="8.885917">
<ele>119</ele>
<time>2026-01-22T12:35:57Z</time></trkpt>
<trkpt lat="50.253362" lon="8.889034">
<ele>124</ele>
<time>2026-01-22T12:39:34Z</time></trkpt>
<trkpt lat="50.253528" lon="8.889539">
<ele>124</ele>
<time>2026-01-22T12:40:09Z</time></trkpt>
<trkpt lat="50.253715" lon="8.890056">
<ele>123</ele>
<time>2026-01-22T12:40:46Z</time></trkpt>
<trkpt lat="50.253992" lon="8.890749">
<ele>120</ele>
<time>2026-01-22T12:41:37Z</time></trkpt>
<trkpt lat="50.254504" lon="8.891912">
<ele>118</ele>
<time>2026-01-22T12:43:07Z</time></trkpt>
<trkpt lat="50.254708" lon="8.892462">
<ele>118</ele>
<time>2026-01-22T12:43:47Z</time></trkpt>
<trkpt lat="50.254975" lon="8.893381">
<ele>118</ele>
<time>2026-01-22T12:44:52Z</time></trkpt>
<trkpt lat="50.255052" lon="8.893703">
<ele>118</ele>
<time>2026-01-22T12:45:14Z</time></trkpt>
<trkpt lat="50.255489" lon="8.895778">
<ele>119</ele>
<time>2026-01-22T12:47:35Z</time></trkpt>
<trkpt lat="50.255655" lon="8.896274">
<ele>121</ele>
<time>2026-01-22T12:48:18Z</time></trkpt>
<trkpt lat="50.255792" lon="8.89661">
<ele>123</ele>
<time>2026-01-22T12:48:50Z</time></trkpt>
<trkpt lat="50.255897" lon="8.89682">
<ele>123</ele>
<time>2026-01-22T12:49:10Z</time></trkpt>
<trkpt lat="50.256104" lon="8.897171">
<ele>124</ele>
<time>2026-01-22T12:49:48Z</time></trkpt>
<trkpt lat="50.256589" lon="8.897905">
<ele>125</ele>
<time>2026-01-22T12:51:10Z</time></trkpt>
<trkpt lat="50.256827" lon="8.898297">
<ele>126</ele>
<time>2026-01-22T12:51:52Z</time></trkpt>
<trkpt lat="50.257077" lon="8.898823">
<ele>128</ele>
<time>2026-01-22T12:52:44Z</time></trkpt>
<trkpt lat="50.257254" lon="8.899292">
<ele>128</ele>
<time>2026-01-22T12:53:26Z</time></trkpt>
<trkpt lat="50.257618" lon="8.900487">
<ele>131</ele>
<time>2026-01-22T12:55:01Z</time></trkpt>
<trkpt lat="50.25796" lon="8.901309">
<ele>131</ele>
<time>2026-01-22T12:56:06Z</time></trkpt>
<trkpt lat="50.258283" lon="8.901857">
<ele>132</ele>
<time>2026-01-22T12:56:56Z</time></trkpt>
<trkpt lat="50.258477" lon="8.902146">
<ele>132</ele>
<time>2026-01-22T12:57:24Z</time></trkpt>
<trkpt lat="50.258687" lon="8.902444">
<ele>131</ele>
<time>2026-01-22T12:57:54Z</time></trkpt>
<trkpt lat="50.259241" lon="8.902996">
<ele>131</ele>
<time>2026-01-22T12:59:02Z</time></trkpt>
<trkpt lat="50.259879" lon="8.903728">
<ele>130</ele>
<time>2026-01-22T13:00:25Z</time></trkpt>
<trkpt lat="50.260165" lon="8.904096">
<ele>130</ele>
<time>2026-01-22T13:01:04Z</time></trkpt>
<trkpt lat="50.26047" lon="8.904527">
<ele>130</ele>
<time>2026-01-22T13:01:47Z</time></trkpt>
<trkpt lat="50.260597" lon="8.904786">
<ele>130</ele>
<time>2026-01-22T13:02:09Z</time></trkpt>
<trkpt lat="50.260691" lon="8.905005">
<ele>130</ele>
<time>2026-01-22T13:02:26Z</time></trkpt>
<trkpt lat="50.260799" lon="8.905316">
<ele>130</ele>
<time>2026-01-22T13:02:50Z</time></trkpt>
<trkpt lat="50.261098" lon="8.906718">
<ele>132</ele>
<time>2026-01-22T13:04:29Z</time></trkpt>
<trkpt lat="50.26114" lon="8.90688">
<ele>132</ele>
<time>2026-01-22T13:04:40Z</time></trkpt>
<trkpt lat="50.261274" lon="8.907249">
<ele>133</ele>
<time>2026-01-22T13:05:09Z</time></trkpt>
<trkpt lat="50.261738" lon="8.908196">
<ele>133</ele>
<time>2026-01-22T13:06:21Z</time></trkpt>
<trkpt lat="50.261825" lon="8.908362">
<ele>134</ele>
<time>2026-01-22T13:06:33Z</time></trkpt>
<trkpt lat="50.262238" lon="8.908976">
<ele>133</ele>
<time>2026-01-22T13:07:26Z</time></trkpt>
<trkpt lat="50.262554" lon="8.909396">
<ele>130</ele>
<time>2026-01-22T13:08:04Z</time></trkpt>
<trkpt lat="50.262672" lon="8.909509">
<ele>129</ele>
<time>2026-01-22T13:08:16Z</time></trkpt>
<trkpt lat="50.262922" lon="8.909675">
<ele>127</ele>
<time>2026-01-22T13:08:41Z</time></trkpt>
<trkpt lat="50.263559" lon="8.909992">
<ele>122</ele>
<time>2026-01-22T13:09:43Z</time></trkpt>
<trkpt lat="50.263796" lon="8.910127">
<ele>122</ele>
<time>2026-01-22T13:10:06Z</time></trkpt>
<trkpt lat="50.263875" lon="8.910207">
<ele>122</ele>
<time>2026-01-22T13:10:15Z</time></trkpt>
<trkpt lat="50.264002" lon="8.910406">
<ele>123</ele>
<time>2026-01-22T13:10:32Z</time></trkpt>
<trkpt lat="50.264231" lon="8.910872">
<ele>124</ele>
<time>2026-01-22T13:11:10Z</time></trkpt>
<trkpt lat="50.264393" lon="8.91113">
<ele>124</ele>
<time>2026-01-22T13:11:33Z</time></trkpt>
<trkpt lat="50.264612" lon="8.911402">
<ele>125</ele>
<time>2026-01-22T13:12:01Z</time></trkpt>
<trkpt lat="50.265351" lon="8.912059">
<ele>122</ele>
<time>2026-01-22T13:13:26Z</time></trkpt>
<trkpt lat="50.265486" lon="8.912201">
<ele>122</ele>
<time>2026-01-22T13:13:42Z</time></trkpt>
<trkpt lat="50.265569" lon="8.912323">
<ele>122</ele>
<time>2026-01-22T13:13:54Z</time></trkpt>
<trkpt lat="50.265805" lon="8.912781">
<ele>122</ele>
<time>2026-01-22T13:14:31Z</time></trkpt>
<trkpt lat="50.266558" lon="8.914304">
<ele>123</ele>
<time>2026-01-22T13:16:37Z</time></trkpt>
<trkpt lat="50.266799" lon="8.914805">
<ele>123</ele>
<time>2026-01-22T13:17:19Z</time></trkpt>
<trkpt lat="50.267057" lon="8.915358">
<ele>124</ele>
<time>2026-01-22T13:18:05Z</time></trkpt>
<trkpt lat="50.267385" lon="8.91609">
<ele>124</ele>
<time>2026-01-22T13:19:04Z</time></trkpt>
<trkpt lat="50.267791" lon="8.916939">
<ele>124</ele>
<time>2026-01-22T13:20:15Z</time></trkpt>
<trkpt lat="50.268131" lon="8.917553">
<ele>124</ele>
<time>2026-01-22T13:21:10Z</time></trkpt>
<trkpt lat="50.268255" lon="8.917745">
<ele>124</ele>
<time>2026-01-22T13:21:29Z</time></trkpt>
<trkpt lat="50.268305" lon="8.917816">
<ele>124</ele>
<time>2026-01-22T13:21:36Z</time></trkpt>
<trkpt lat="50.268704" lon="8.918329">
<ele>126</ele>
<time>2026-01-22T13:22:36Z</time></trkpt>
<trkpt lat="50.269105" lon="8.918764">
<ele>133</ele>
<time>2026-01-22T13:23:32Z</time></trkpt>
<trkpt lat="50.269437" lon="8.919069">
<ele>135</ele>
<time>2026-01-22T13:24:17Z</time></trkpt>
<trkpt lat="50.26969" lon="8.919267">
<ele>136</ele>
<time>2026-01-22T13:24:50Z</time></trkpt>
<trkpt lat="50.270208" lon="8.919598">
<ele>136</ele>
<time>2026-01-22T13:25:54Z</time></trkpt>
<trkpt lat="50.270856" lon="8.919908">
<ele>132</ele>
<time>2026-01-22T13:27:13Z</time></trkpt>
<trkpt lat="50.271241" lon="8.920115">
<ele>131</ele>
<time>2026-01-22T13:27:58Z</time></trkpt>
<trkpt lat="50.27155" lon="8.920337">
<ele>131</ele>
<time>2026-01-22T13:28:34Z</time></trkpt>
<trkpt lat="50.271925" lon="8.920685">
<ele>131</ele>
<time>2026-01-22T13:29:21Z</time></trkpt>
<trkpt lat="50.272241" lon="8.921038">
<ele>131</ele>
<time>2026-01-22T13:30:02Z</time></trkpt>
<trkpt lat="50.272376" lon="8.921218">
<ele>132</ele>
<time>2026-01-22T13:30:21Z</time></trkpt>
<trkpt lat="50.273053" lon="8.922173">
<ele>135</ele>
<time>2026-01-22T13:31:59Z</time></trkpt>
<trkpt lat="50.273275" lon="8.922491">
<ele>136</ele>
<time>2026-01-22T13:32:31Z</time></trkpt>
<trkpt lat="50.273905" lon="8.923355">
<ele>132</ele>
<time>2026-01-22T13:33:55Z</time></trkpt>
<trkpt lat="50.274466" lon="8.924095">
<ele>128</ele>
<time>2026-01-22T13:35:02Z</time></trkpt>
<trkpt lat="50.274934" lon="8.924656">
<ele>126</ele>
<time>2026-01-22T13:35:56Z</time></trkpt>
<trkpt lat="50.276173" lon="8.926064">
<ele>123</ele>
<time>2026-01-22T13:38:17Z</time></trkpt>
<trkpt lat="50.276964" lon="8.926908">
<ele>122</ele>
<time>2026-01-22T13:39:53Z</time></trkpt>
<trkpt lat="50.277742" lon="8.927687">
<ele>124</ele>
<time>2026-01-22T13:41:25Z</time></trkpt>
<trkpt lat="50.278434" lon="8.928211">
<ele>124</ele>
<time>2026-01-22T13:42:42Z</time></trkpt>
<trkpt lat="50.278961" lon="8.928501">
<ele>123</ele>
<time>2026-01-22T13:43:38Z</time></trkpt>
<trkpt lat="50.279202" lon="8.928591">
<ele>123</ele>
<time>2026-01-22T13:44:03Z</time></trkpt>
<trkpt lat="50.279933" lon="8.928903">
<ele>123</ele>
<time>2026-01-22T13:45:19Z</time></trkpt>
<trkpt lat="50.280015" lon="8.928935">
<ele>123</ele>
<time>2026-01-22T13:45:28Z</time></trkpt>
<trkpt lat="50.280351" lon="8.929119">
<ele>123</ele>
<time>2026-01-22T13:46:03Z</time></trkpt>
<trkpt lat="50.280773" lon="8.929406">
<ele>123</ele>
<time>2026-01-22T13:46:49Z</time></trkpt>
<trkpt lat="50.281196" lon="8.929793">
<ele>124</ele>
<time>2026-01-22T13:47:38Z</time></trkpt>
<trkpt lat="50.281484" lon="8.93014">
<ele>123</ele>
<time>2026-01-22T13:48:15Z</time></trkpt>
<trkpt lat="50.281763" lon="8.930553">
<ele>123</ele>
<time>2026-01-22T13:48:53Z</time></trkpt>
<trkpt lat="50.281954" lon="8.930881">
<ele>123</ele>
<time>2026-01-22T13:49:22Z</time></trkpt>
<trkpt lat="50.282811" lon="8.932545">
<ele>123</ele>
<time>2026-01-22T13:51:42Z</time></trkpt>
<trkpt lat="50.283078" lon="8.933148">
<ele>124</ele>
<time>2026-01-22T13:52:30Z</time></trkpt>
<trkpt lat="50.283626" lon="8.934561">
<ele>124</ele>
<time>2026-01-22T13:54:18Z</time></trkpt>
<trkpt lat="50.283905" lon="8.935414">
<ele>124</ele>
<time>2026-01-22T13:55:22Z</time></trkpt>
<trkpt lat="50.2844803" lon="8.9375678">
<ele>124</ele>
<time>2026-01-22T13:57:58Z</time></trkpt>
<trkpt lat="50.284623" lon="8.938165">
<ele>125</ele>
<time>2026-01-22T13:58:40Z</time></trkpt>
<trkpt lat="50.284855" lon="8.939372">
<ele>126</ele>
<time>2026-01-22T14:00:04Z</time></trkpt>
<trkpt lat="50.284996" lon="8.940309">
<ele>127</ele>
<time>2026-01-22T14:01:09Z</time></trkpt>
<trkpt lat="50.285358" lon="8.943418">
<ele>128</ele>
<time>2026-01-22T14:04:40Z</time></trkpt>
<trkpt lat="50.285677" lon="8.944986">
<ele>128</ele>
<time>2026-01-22T14:06:29Z</time></trkpt>
<trkpt lat="50.285622" lon="8.945069">
<ele>128</ele>
<time>2026-01-22T14:06:37Z</time></trkpt>
<trkpt lat="50.285615" lon="8.945187">
<ele>128</ele>
<time>2026-01-22T14:06:45Z</time></trkpt>
<trkpt lat="50.285666" lon="8.945292">
<ele>128</ele>
<time>2026-01-22T14:06:53Z</time></trkpt>
<trkpt lat="50.28572" lon="8.9453382">
<ele>129</ele>
<time>2026-01-22T14:07:00Z</time></trkpt>
<trkpt lat="50.285805" lon="8.9456346">
<ele>129</ele>
<time>2026-01-22T14:07:21Z</time></trkpt>
<trkpt lat="50.2860109" lon="8.9462792">
<ele>129</ele>
<time>2026-01-22T14:08:08Z</time></trkpt>
<trkpt lat="50.2867772" lon="8.9488578">
<ele>128</ele>
<time>2026-01-22T14:11:14Z</time></trkpt>
<trkpt lat="50.2873398" lon="8.9504454">
<ele>127</ele>
<time>2026-01-22T14:13:10Z</time></trkpt>
<trkpt lat="50.2879893" lon="8.9521527">
<ele>125</ele>
<time>2026-01-22T14:15:16Z</time></trkpt>
<trkpt lat="50.2880874" lon="8.952202">
<ele>125</ele>
<time>2026-01-22T14:15:26Z</time></trkpt>
<trkpt lat="50.2882277" lon="8.9521649">
<ele>126</ele>
<time>2026-01-22T14:15:40Z</time></trkpt>
<trkpt lat="50.288372" lon="8.9521919">
<ele>126</ele>
<time>2026-01-22T14:15:55Z</time></trkpt>
<trkpt lat="50.2887405" lon="8.952437">
<ele>127</ele>
<time>2026-01-22T14:16:35Z</time></trkpt>
<trkpt lat="50.2931738" lon="8.9552658">
<ele>152</ele>
<time>2026-01-22T14:27:24Z</time></trkpt>
<trkpt lat="50.2934123" lon="8.9554051">
<ele>153</ele>
<time>2026-01-22T14:27:56Z</time></trkpt>
<trkpt lat="50.2936437" lon="8.9554584">
<ele>153</ele>
<time>2026-01-22T14:28:25Z</time></trkpt>
<trkpt lat="50.2940821" lon="8.9554341">
<ele>155</ele>
<time>2026-01-22T14:29:20Z</time></trkpt>
<trkpt lat="50.2966269" lon="8.955234">
<ele>160</ele>
<time>2026-01-22T14:33:55Z</time></trkpt>
<trkpt lat="50.2968583" lon="8.9551889">
<ele>159</ele>
<time>2026-01-22T14:34:18Z</time></trkpt>
<trkpt lat="50.2970891" lon="8.9550883">
<ele>158</ele>
<time>2026-01-22T14:34:42Z</time></trkpt>
<trkpt lat="50.2974559" lon="8.9548945">
<ele>158</ele>
<time>2026-01-22T14:35:21Z</time></trkpt>
<trkpt lat="50.2984063" lon="8.9543834">
<ele>157</ele>
<time>2026-01-22T14:37:05Z</time></trkpt>
<trkpt lat="50.2986263" lon="8.9542436">
<ele>158</ele>
<time>2026-01-22T14:37:32Z</time></trkpt>
<trkpt lat="50.2998716" lon="8.9533757">
<ele>160</ele>
<time>2026-01-22T14:40:06Z</time></trkpt>
<trkpt lat="50.2999837" lon="8.9532837">
<ele>161</ele>
<time>2026-01-22T14:40:21Z</time></trkpt>
<trkpt lat="50.3001056" lon="8.9532401">
<ele>161</ele>
<time>2026-01-22T14:40:35Z</time></trkpt>
<trkpt lat="50.3002297" lon="8.9532338">
<ele>161</ele>
<time>2026-01-22T14:40:49Z</time></trkpt>
<trkpt lat="50.3003694" lon="8.9532641">
<ele>162</ele>
<time>2026-01-22T14:41:05Z</time></trkpt>
<trkpt lat="50.3006399" lon="8.9533575">
<ele>162</ele>
<time>2026-01-22T14:41:36Z</time></trkpt>
<trkpt lat="50.3007894" lon="8.953172">
<ele>163</ele>
<time>2026-01-22T14:41:58Z</time></trkpt>
<trkpt lat="50.3009971" lon="8.9528439">
<ele>163</ele>
<time>2026-01-22T14:42:31Z</time></trkpt>
<trkpt lat="50.3011039" lon="8.9527538">
<ele>163</ele>
<time>2026-01-22T14:42:47Z</time></trkpt>
<trkpt lat="50.3013658" lon="8.9526404">
<ele>163</ele>
<time>2026-01-22T14:43:23Z</time></trkpt>
<trkpt lat="50.3014587" lon="8.952597">
<ele>164</ele>
<time>2026-01-22T14:43:36Z</time></trkpt>
<trkpt lat="50.3015458" lon="8.9525498">
<ele>164</ele>
<time>2026-01-22T14:43:48Z</time></trkpt>
<trkpt lat="50.3016342" lon="8.9524259">
<ele>164</ele>
<time>2026-01-22T14:44:04Z</time></trkpt>
<trkpt lat="50.3017166" lon="8.9522709">
<ele>165</ele>
<time>2026-01-22T14:44:21Z</time></trkpt>
<trkpt lat="50.3025534" lon="8.9504624">
<ele>170</ele>
<time>2026-01-22T14:47:31Z</time></trkpt>
<trkpt lat="50.3034933" lon="8.9484536">
<ele>182</ele>
<time>2026-01-22T14:50:59Z</time></trkpt>
<trkpt lat="50.3035841" lon="8.948335">
<ele>183</ele>
<time>2026-01-22T14:51:14Z</time></trkpt>
<trkpt lat="50.30429" lon="8.9476343">
<ele>188</ele>
<time>2026-01-22T14:53:00Z</time></trkpt>
<trkpt lat="50.3044884" lon="8.9474224">
<ele>188</ele>
<time>2026-01-22T14:53:30Z</time></trkpt>
<trkpt lat="50.3047272" lon="8.9470788">
<ele>189</ele>
<time>2026-01-22T14:54:12Z</time></trkpt>
<trkpt lat="50.3048254" lon="8.9468938">
<ele>188</ele>
<time>2026-01-22T14:54:31Z</time></trkpt>
<trkpt lat="50.3049565" lon="8.9466066">
<ele>187</ele>
<time>2026-01-22T14:55:00Z</time></trkpt>
<trkpt lat="50.3050208" lon="8.9463591">
<ele>187</ele>
<time>2026-01-22T14:55:21Z</time></trkpt>
<trkpt lat="50.3050725" lon="8.9460903">
<ele>187</ele>
<time>2026-01-22T14:55:44Z</time></trkpt>
<trkpt lat="50.3051072" lon="8.9458509">
<ele>188</ele>
<time>2026-01-22T14:56:04Z</time></trkpt>
<trkpt lat="50.3051251" lon="8.9455312">
<ele>189</ele>
<time>2026-01-22T14:56:30Z</time></trkpt>
<trkpt lat="50.3051333" lon="8.9449389">
<ele>191</ele>
<time>2026-01-22T14:57:16Z</time></trkpt>
<trkpt lat="50.3051361" lon="8.944094">
<ele>194</ele>
<time>2026-01-22T14:58:22Z</time></trkpt>
<trkpt lat="50.3051329" lon="8.9420268">
<ele>198</ele>
<time>2026-01-22T15:01:04Z</time></trkpt>
<trkpt lat="50.3051441" lon="8.9398689">
<ele>202</ele>
<time>2026-01-22T15:03:51Z</time></trkpt>
<trkpt lat="50.3051447" lon="8.9373498">
<ele>206</ele>
<time>2026-01-22T15:07:00Z</time></trkpt>
<trkpt lat="50.3050913" lon="8.9365537">
<ele>207</ele>
<time>2026-01-22T15:08:00Z</time></trkpt>
<trkpt lat="50.305114" lon="8.9362216">
<ele>207</ele>
<time>2026-01-22T15:08:26Z</time></trkpt>
<trkpt lat="50.3053229" lon="8.9348881">
<ele>209</ele>
<time>2026-01-22T15:10:02Z</time></trkpt>
<trkpt lat="50.3054194" lon="8.9343527">
<ele>209</ele>
<time>2026-01-22T15:10:35Z</time></trkpt>
<trkpt lat="50.3054606" lon="8.9339591">
<ele>209</ele>
<time>2026-01-22T15:10:58Z</time></trkpt>
<trkpt lat="50.3054906" lon="8.9335786">
<ele>209</ele>
<time>2026-01-22T15:11:21Z</time></trkpt>
<trkpt lat="50.3055007" lon="8.9331829">
<ele>209</ele>
<time>2026-01-22T15:11:45Z</time></trkpt>
<trkpt lat="50.3054997" lon="8.9330466">
<ele>209</ele>
<time>2026-01-22T15:11:53Z</time></trkpt>
<trkpt lat="50.3055362" lon="8.9329437">
<ele>209</ele>
<time>2026-01-22T15:12:00Z</time></trkpt>
<trkpt lat="50.3055928" lon="8.9328803">
<ele>209</ele>
<time>2026-01-22T15:12:07Z</time></trkpt>
<trkpt lat="50.306113" lon="8.932736">
<ele>208</ele>
<time>2026-01-22T15:12:56Z</time></trkpt>
<trkpt lat="50.306201" lon="8.932693">
<ele>207</ele>
<time>2026-01-22T15:13:05Z</time></trkpt>
<trkpt lat="50.306894" lon="8.932201">
<ele>201</ele>
<time>2026-01-22T15:14:16Z</time></trkpt>
<trkpt lat="50.307308" lon="8.931903">
<ele>196</ele>
<time>2026-01-22T15:14:57Z</time></trkpt>
<trkpt lat="50.307483" lon="8.931741">
<ele>194</ele>
<time>2026-01-22T15:15:15Z</time></trkpt>
<trkpt lat="50.307663" lon="8.931532">
<ele>192</ele>
<time>2026-01-22T15:15:35Z</time></trkpt>
<trkpt lat="50.308448" lon="8.930474">
<ele>188</ele>
<time>2026-01-22T15:17:06Z</time></trkpt>
<trkpt lat="50.308581" lon="8.930248">
<ele>187</ele>
<time>2026-01-22T15:17:23Z</time></trkpt>
<trkpt lat="50.309112" lon="8.929127">
<ele>184</ele>
<time>2026-01-22T15:18:42Z</time></trkpt>
<trkpt lat="50.309847" lon="8.927597">
<ele>181</ele>
<time>2026-01-22T15:20:35Z</time></trkpt>
<trkpt lat="50.310075" lon="8.927109">
<ele>180</ele>
<time>2026-01-22T15:21:12Z</time></trkpt>
<trkpt lat="50.310722" lon="8.925481">
<ele>178</ele>
<time>2026-01-22T15:23:09Z</time></trkpt>
<trkpt lat="50.310936" lon="8.92489">
<ele>177</ele>
<time>2026-01-22T15:23:51Z</time></trkpt>
<trkpt lat="50.311194" lon="8.924062">
<ele>176</ele>
<time>2026-01-22T15:24:45Z</time></trkpt>
<trkpt lat="50.31137" lon="8.923425">
<ele>174</ele>
<time>2026-01-22T15:25:23Z</time></trkpt>
<trkpt lat="50.311551" lon="8.922456">
<ele>171</ele>
<time>2026-01-22T15:26:19Z</time></trkpt>
<trkpt lat="50.311791" lon="8.921341">
<ele>167</ele>
<time>2026-01-22T15:27:23Z</time></trkpt>
<trkpt lat="50.311847" lon="8.921012">
<ele>166</ele>
<time>2026-01-22T15:27:42Z</time></trkpt>
<trkpt lat="50.311942" lon="8.920324">
<ele>161</ele>
<time>2026-01-22T15:28:20Z</time></trkpt>
<trkpt lat="50.311985" lon="8.920157">
<ele>160</ele>
<time>2026-01-22T15:28:30Z</time></trkpt>
<trkpt lat="50.312027" lon="8.920074">
<ele>160</ele>
<time>2026-01-22T15:28:36Z</time></trkpt>
<trkpt lat="50.312185" lon="8.919904">
<ele>159</ele>
<time>2026-01-22T15:28:52Z</time></trkpt>
<trkpt lat="50.312478" lon="8.919745">
<ele>158</ele>
<time>2026-01-22T15:29:21Z</time></trkpt>
<trkpt lat="50.312563" lon="8.919668">
<ele>158</ele>
<time>2026-01-22T15:29:30Z</time></trkpt>
<trkpt lat="50.312765" lon="8.919388">
<ele>157</ele>
<time>2026-01-22T15:29:56Z</time></trkpt>
<trkpt lat="50.31282" lon="8.91928">
<ele>156</ele>
<time>2026-01-22T15:30:05Z</time></trkpt>
<trkpt lat="50.312856" lon="8.919145">
<ele>156</ele>
<time>2026-01-22T15:30:14Z</time></trkpt>
<trkpt lat="50.312871" lon="8.919005">
<ele>155</ele>
<time>2026-01-22T15:30:23Z</time></trkpt>
<trkpt lat="50.312866" lon="8.918858">
<ele>155</ele>
<time>2026-01-22T15:30:32Z</time></trkpt>
<trkpt lat="50.312814" lon="8.918367">
<ele>153</ele>
<time>2026-01-22T15:31:03Z</time></trkpt>
<trkpt lat="50.312774" lon="8.918176">
<ele>152</ele>
<time>2026-01-22T15:31:15Z</time></trkpt>
<trkpt lat="50.312745" lon="8.918073">
<ele>152</ele>
<time>2026-01-22T15:31:22Z</time></trkpt>
<trkpt lat="50.312502" lon="8.917546">
<ele>151</ele>
<time>2026-01-22T15:32:03Z</time></trkpt>
<trkpt lat="50.312307" lon="8.917815">
<ele>152</ele>
<time>2026-01-22T15:32:28Z</time></trkpt>
<trkpt lat="50.311981" lon="8.918199">
<ele>153</ele>
<time>2026-01-22T15:33:07Z</time></trkpt>
<trkpt lat="50.311436" lon="8.918915">
<ele>154</ele>
<time>2026-01-22T15:34:17Z</time></trkpt>
<trkpt lat="50.311372" lon="8.91896">
<ele>154</ele>
<time>2026-01-22T15:34:24Z</time></trkpt>
<trkpt lat="50.311313" lon="8.918965">
<ele>154</ele>
<time>2026-01-22T15:34:30Z</time></trkpt>
<trkpt lat="50.311234" lon="8.918879">
<ele>154</ele>
<time>2026-01-22T15:34:40Z</time></trkpt>
<trkpt lat="50.311027" lon="8.918528">
<ele>154</ele>
<time>2026-01-22T15:35:12Z</time></trkpt>
<trkpt lat="50.310896" lon="8.9182">
<ele>154</ele>
<time>2026-01-22T15:35:38Z</time></trkpt>
<trkpt lat="50.310853" lon="8.917991">
<ele>154</ele>
<time>2026-01-22T15:35:52Z</time></trkpt>
<trkpt lat="50.310774" lon="8.916916">
<ele>154</ele>
<time>2026-01-22T15:37:04Z</time></trkpt>
<trkpt lat="50.310768" lon="8.916516">
<ele>154</ele>
<time>2026-01-22T15:37:31Z</time></trkpt>
<trkpt lat="50.310864" lon="8.915569">
<ele>154</ele>
<time>2026-01-22T15:38:35Z</time></trkpt>
<trkpt lat="50.310858" lon="8.915401">
<ele>154</ele>
<time>2026-01-22T15:38:46Z</time></trkpt>
<trkpt lat="50.310807" lon="8.915144">
<ele>155</ele>
<time>2026-01-22T15:39:04Z</time></trkpt>
<trkpt lat="50.310589" lon="8.914455">
<ele>156</ele>
<time>2026-01-22T15:39:56Z</time></trkpt>
<trkpt lat="50.309532" lon="8.911379">
<ele>160</ele>
<time>2026-01-22T15:43:59Z</time></trkpt>
<trkpt lat="50.309098" lon="8.910142">
<ele>160</ele>
<time>2026-01-22T15:45:37Z</time></trkpt>
<trkpt lat="50.308894" lon="8.909528">
<ele>160</ele>
<time>2026-01-22T15:46:23Z</time></trkpt>
<trkpt lat="50.308333" lon="8.907882">
<ele>160</ele>
<time>2026-01-22T15:48:22Z</time></trkpt>
<trkpt lat="50.308081" lon="8.907265">
<ele>160</ele>
<time>2026-01-22T15:49:09Z</time></trkpt>
<trkpt lat="50.307933" lon="8.906971">
<ele>161</ele>
<time>2026-01-22T15:49:33Z</time></trkpt>
<trkpt lat="50.307701" lon="8.906577">
<ele>160</ele>
<time>2026-01-22T15:50:07Z</time></trkpt>
<trkpt lat="50.307402" lon="8.906157">
<ele>160</ele>
<time>2026-01-22T15:50:47Z</time></trkpt>
<trkpt lat="50.307117" lon="8.905807">
<ele>160</ele>
<time>2026-01-22T15:51:24Z</time></trkpt>
<trkpt lat="50.306386" lon="8.904929">
<ele>160</ele>
<time>2026-01-22T15:53:02Z</time></trkpt>
<trkpt lat="50.305481" lon="8.903849">
<ele>161</ele>
<time>2026-01-22T15:55:04Z</time></trkpt>
<trkpt lat="50.304442" lon="8.902601">
<ele>163</ele>
<time>2026-01-22T15:57:30Z</time></trkpt>
<trkpt lat="50.304023" lon="8.902091">
<ele>165</ele>
<time>2026-01-22T15:58:42Z</time></trkpt>
<trkpt lat="50.303293" lon="8.901214">
<ele>169</ele>
<time>2026-01-22T16:00:46Z</time></trkpt>
<trkpt lat="50.301964" lon="8.899619">
<ele>179</ele>
<time>2026-01-22T16:04:31Z</time></trkpt>
<trkpt lat="50.301503" lon="8.899073">
<ele>183</ele>
<time>2026-01-22T16:05:40Z</time></trkpt>
<trkpt lat="50.301275" lon="8.898713">
<ele>184</ele>
<time>2026-01-22T16:06:18Z</time></trkpt>
<trkpt lat="50.300419" lon="8.897083">
<ele>186</ele>
<time>2026-01-22T16:08:57Z</time></trkpt>
<trkpt lat="50.300066" lon="8.896389">
<ele>187</ele>
<time>2026-01-22T16:10:03Z</time></trkpt>
<trkpt lat="50.299906" lon="8.896118">
<ele>187</ele>
<time>2026-01-22T16:10:31Z</time></trkpt>
<trkpt lat="50.299673" lon="8.89577">
<ele>186</ele>
<time>2026-01-22T16:11:04Z</time></trkpt>
<trkpt lat="50.299383" lon="8.895351">
<ele>186</ele>
<time>2026-01-22T16:11:42Z</time></trkpt>
<trkpt lat="50.298322" lon="8.893801">
<ele>185</ele>
<time>2026-01-22T16:14:03Z</time></trkpt>
<trkpt lat="50.29818" lon="8.893598">
<ele>185</ele>
<time>2026-01-22T16:14:22Z</time></trkpt>
<trkpt lat="50.298159" lon="8.893598">
<ele>185</ele>
<time>2026-01-22T16:14:24Z</time></trkpt>
<trkpt lat="50.297692" lon="8.892109">
<ele>183</ele>
<time>2026-01-22T16:16:07Z</time></trkpt>
<trkpt lat="50.297573" lon="8.891764">
<ele>183</ele>
<time>2026-01-22T16:16:31Z</time></trkpt>
<trkpt lat="50.297097" lon="8.89032">
<ele>182</ele>
<time>2026-01-22T16:18:12Z</time></trkpt>
<trkpt lat="50.296744" lon="8.889281">
<ele>180</ele>
<time>2026-01-22T16:19:25Z</time></trkpt>
<trkpt lat="50.296393" lon="8.88816">
<ele>180</ele>
<time>2026-01-22T16:20:43Z</time></trkpt>
<trkpt lat="50.296025" lon="8.886801">
<ele>179</ele>
<time>2026-01-22T16:22:15Z</time></trkpt>
<trkpt lat="50.295713" lon="8.884741">
<ele>178</ele>
<time>2026-01-22T16:24:29Z</time></trkpt>
<trkpt lat="50.295588" lon="8.883862">
<ele>178</ele>
<time>2026-01-22T16:25:26Z</time></trkpt>
<trkpt lat="50.295154" lon="8.88234">
<ele>177</ele>
<time>2026-01-22T16:27:12Z</time></trkpt>
<trkpt lat="50.294607" lon="8.881003">
<ele>177</ele>
<time>2026-01-22T16:28:56Z</time></trkpt>
<trkpt lat="50.294078" lon="8.879881">
<ele>177</ele>
<time>2026-01-22T16:30:27Z</time></trkpt>
<trkpt lat="50.293971" lon="8.879663">
<ele>177</ele>
<time>2026-01-22T16:30:45Z</time></trkpt>
<trkpt lat="50.293873" lon="8.879511">
<ele>178</ele>
<time>2026-01-22T16:30:59Z</time></trkpt>
<trkpt lat="50.292502" lon="8.878101">
<ele>177</ele>
<time>2026-01-22T16:33:44Z</time></trkpt>
<trkpt lat="50.291768" lon="8.877336">
<ele>177</ele>
<time>2026-01-22T16:35:12Z</time></trkpt>
<trkpt lat="50.290309" lon="8.87583">
<ele>177</ele>
<time>2026-01-22T16:38:06Z</time></trkpt>
<trkpt lat="50.289993" lon="8.875456">
<ele>177</ele>
<time>2026-01-22T16:38:46Z</time></trkpt>
<trkpt lat="50.289759" lon="8.875022">
<ele>177</ele>
<time>2026-01-22T16:39:22Z</time></trkpt>
<trkpt lat="50.28926" lon="8.873521">
<ele>177</ele>
<time>2026-01-22T16:41:10Z</time></trkpt>
<trkpt lat="50.286997" lon="8.866556">
<ele>178</ele>
<time>2026-01-22T16:49:32Z</time></trkpt>
<trkpt lat="50.286491" lon="8.864972">
<ele>179</ele>
<time>2026-01-22T16:51:28Z</time></trkpt>
<trkpt lat="50.286318" lon="8.864543">
<ele>179</ele>
<time>2026-01-22T16:52:01Z</time></trkpt>
<trkpt lat="50.285334" lon="8.862649">
<ele>178</ele>
<time>2026-01-22T16:54:45Z</time></trkpt>
<trkpt lat="50.284565" lon="8.861137">
<ele>181</ele>
<time>2026-01-22T16:57:00Z</time></trkpt>
<trkpt lat="50.283607" lon="8.859303">
<ele>182</ele>
<time>2026-01-22T16:59:45Z</time></trkpt>
<trkpt lat="50.283442" lon="8.858967">
<ele>183</ele>
<time>2026-01-22T17:00:17Z</time></trkpt>
<trkpt lat="50.282866" lon="8.857845">
<ele>186</ele>
<time>2026-01-22T17:02:03Z</time></trkpt>
<trkpt lat="50.281604" lon="8.855425">
<ele>189</ele>
<time>2026-01-22T17:05:53Z</time></trkpt>
<trkpt lat="50.277303" lon="8.847158">
<ele>195</ele>
<time>2026-01-22T17:17:57Z</time></trkpt>
<trkpt lat="50.275859" lon="8.844402">
<ele>192</ele>
<time>2026-01-22T17:21:36Z</time></trkpt>
<trkpt lat="50.2757447" lon="8.8442402">
<ele>192</ele>
<time>2026-01-22T17:21:51Z</time></trkpt>
<trkpt lat="50.2753859" lon="8.8444243">
<ele>190</ele>
<time>2026-01-22T17:22:27Z</time></trkpt>
<trkpt lat="50.2741932" lon="8.8450667">
<ele>183</ele>
<time>2026-01-22T17:24:18Z</time></trkpt>
<trkpt lat="50.2739617" lon="8.8451737">
<ele>182</ele>
<time>2026-01-22T17:24:39Z</time></trkpt>
<trkpt lat="50.2737126" lon="8.8452389">
<ele>181</ele>
<time>2026-01-22T17:25:01Z</time></trkpt>
<trkpt lat="50.2734225" lon="8.8452366">
<ele>180</ele>
<time>2026-01-22T17:25:26Z</time></trkpt>
<trkpt lat="50.2730874" lon="8.8451767">
<ele>177</ele>
<time>2026-01-22T17:25:56Z</time></trkpt>
<trkpt lat="50.2728158" lon="8.8450478">
<ele>175</ele>
<time>2026-01-22T17:26:20Z</time></trkpt>
<trkpt lat="50.2718176" lon="8.8443782">
<ele>171</ele>
<time>2026-01-22T17:28:07Z</time></trkpt>
<trkpt lat="50.2711536" lon="8.8439282">
<ele>172</ele>
<time>2026-01-22T17:29:28Z</time></trkpt>
<trkpt lat="50.2708261" lon="8.8436406">
<ele>173</ele>
<time>2026-01-22T17:30:09Z</time></trkpt>
<trkpt lat="50.2705232" lon="8.8432643">
<ele>174</ele>
<time>2026-01-22T17:30:53Z</time></trkpt>
<trkpt lat="50.2699842" lon="8.8426597">
<ele>176</ele>
<time>2026-01-22T17:32:06Z</time></trkpt>
<trkpt lat="50.2697919" lon="8.8424662">
<ele>177</ele>
<time>2026-01-22T17:32:32Z</time></trkpt>
<trkpt lat="50.2694246" lon="8.8421484">
<ele>178</ele>
<time>2026-01-22T17:33:17Z</time></trkpt>
<trkpt lat="50.2691165" lon="8.8420075">
<ele>176</ele>
<time>2026-01-22T17:33:47Z</time></trkpt>
<trkpt lat="50.2678482" lon="8.8414997">
<ele>170</ele>
<time>2026-01-22T17:35:49Z</time></trkpt>
<trkpt lat="50.2666264" lon="8.8410204">
<ele>168</ele>
<time>2026-01-22T17:37:47Z</time></trkpt>
<trkpt lat="50.2637092" lon="8.8399471">
<ele>169</ele>
<time>2026-01-22T17:42:41Z</time></trkpt>
<trkpt lat="50.2621927" lon="8.8393188">
<ele>164</ele>
<time>2026-01-22T17:45:34Z</time></trkpt>
<trkpt lat="50.2616289" lon="8.8391775">
<ele>164</ele>
<time>2026-01-22T17:46:40Z</time></trkpt>
<trkpt lat="50.2604313" lon="8.8389032">
<ele>171</ele>
<time>2026-01-22T17:49:00Z</time></trkpt>
<trkpt lat="50.2594099" lon="8.8386279">
<ele>174</ele>
<time>2026-01-22T17:50:45Z</time></trkpt>
<trkpt lat="50.2581146" lon="8.8382353">
<ele>170</ele>
<time>2026-01-22T17:52:49Z</time></trkpt>
<trkpt lat="50.2577002" lon="8.8381199">
<ele>169</ele>
<time>2026-01-22T17:53:28Z</time></trkpt>
<trkpt lat="50.2566408" lon="8.8377499">
<ele>164</ele>
<time>2026-01-22T17:55:08Z</time></trkpt>
<trkpt lat="50.25643" lon="8.8376409">
<ele>163</ele>
<time>2026-01-22T17:55:28Z</time></trkpt>
<trkpt lat="50.2563327" lon="8.837553">
<ele>163</ele>
<time>2026-01-22T17:55:38Z</time></trkpt>
<trkpt lat="50.2561846" lon="8.8374967">
<ele>162</ele>
<time>2026-01-22T17:55:51Z</time></trkpt>
<trkpt lat="50.253401" lon="8.836977">
<ele>150</ele>
<time>2026-01-22T18:00:13Z</time></trkpt>
<trkpt lat="50.252699" lon="8.836976">
<ele>156</ele>
<time>2026-01-22T18:01:51Z</time></trkpt>
<trkpt lat="50.252244" lon="8.837012">
<ele>160</ele>
<time>2026-01-22T18:02:55Z</time></trkpt>
<trkpt lat="50.251209" lon="8.837181">
<ele>164</ele>
<time>2026-01-22T18:05:20Z</time></trkpt>
<trkpt lat="50.250881" lon="8.837222">
<ele>166</ele>
<time>2026-01-22T18:06:06Z</time></trkpt>
<trkpt lat="50.250631" lon="8.837258">
<ele>167</ele>
<time>2026-01-22T18:06:41Z</time></trkpt>
<trkpt lat="50.250147" lon="8.837399">
<ele>168</ele>
<time>2026-01-22T18:07:38Z</time></trkpt>
<trkpt lat="50.249679" lon="8.837636">
<ele>170</ele>
<time>2026-01-22T18:08:28Z</time></trkpt>
<trkpt lat="50.249444" lon="8.837809">
<ele>170</ele>
<time>2026-01-22T18:08:55Z</time></trkpt>
<trkpt lat="50.249393" lon="8.837855">
<ele>170</ele>
<time>2026-01-22T18:09:01Z</time></trkpt>
<trkpt lat="50.24904" lon="8.838201">
<ele>170</ele>
<time>2026-01-22T18:09:44Z</time></trkpt>
<trkpt lat="50.248768" lon="8.838539">
<ele>170</ele>
<time>2026-01-22T18:10:19Z</time></trkpt>
<trkpt lat="50.247563" lon="8.840255">
<ele>168</ele>
<time>2026-01-22T18:13:05Z</time></trkpt>
<trkpt lat="50.247388" lon="8.840514">
<ele>167</ele>
<time>2026-01-22T18:13:28Z</time></trkpt>
<trkpt lat="50.2469" lon="8.841273">
<ele>167</ele>
<time>2026-01-22T18:14:36Z</time></trkpt>
<trkpt lat="50.246538" lon="8.841958">
<ele>167</ele>
<time>2026-01-22T18:15:31Z</time></trkpt>
<trkpt lat="50.246376" lon="8.842325">
<ele>167</ele>
<time>2026-01-22T18:15:59Z</time></trkpt>
<trkpt lat="50.246135" lon="8.842982">
<ele>166</ele>
<time>2026-01-22T18:16:47Z</time></trkpt>
<trkpt lat="50.245963" lon="8.843489">
<ele>166</ele>
<time>2026-01-22T18:17:23Z</time></trkpt>
<trkpt lat="50.243673" lon="8.852041">
<ele>149</ele>
<time>2026-01-22T18:26:38Z</time></trkpt>
<trkpt lat="50.243545" lon="8.852556">
<ele>149</ele>
<time>2026-01-22T18:27:12Z</time></trkpt>
<trkpt lat="50.243357" lon="8.853282">
<ele>148</ele>
<time>2026-01-22T18:28:00Z</time></trkpt>
<trkpt lat="50.242866" lon="8.855079">
<ele>147</ele>
<time>2026-01-22T18:30:01Z</time></trkpt>
<trkpt lat="50.242713" lon="8.85547">
<ele>147</ele>
<time>2026-01-22T18:30:30Z</time></trkpt>
<trkpt lat="50.242645" lon="8.855564">
<ele>147</ele>
<time>2026-01-22T18:30:39Z</time></trkpt>
<trkpt lat="50.242552" lon="8.855605">
<ele>146</ele>
<time>2026-01-22T18:30:48Z</time></trkpt>
<trkpt lat="50.242678" lon="8.855684">
<ele>147</ele>
<time>2026-01-22T18:31:01Z</time></trkpt>
<trkpt lat="50.242552" lon="8.855605">
<ele>146</ele>
<time>2026-01-22T18:31:15Z</time></trkpt>
<trkpt lat="50.242179" lon="8.855421">
<ele>146</ele>
<time>2026-01-22T18:31:53Z</time></trkpt>
<trkpt lat="50.241699" lon="8.855236">
<ele>144</ele>
<time>2026-01-22T18:32:41Z</time></trkpt>
<trkpt lat="50.241072" lon="8.855063">
<ele>143</ele>
<time>2026-01-22T18:33:42Z</time></trkpt>
<trkpt lat="50.237438" lon="8.854171">
<ele>134</ele>
<time>2026-01-22T18:39:28Z</time></trkpt>
<trkpt lat="50.237046" lon="8.854088">
<ele>133</ele>
<time>2026-01-22T18:40:06Z</time></trkpt>
<trkpt lat="50.235888" lon="8.853792">
<ele>131</ele>
<time>2026-01-22T18:41:57Z</time></trkpt>
<trkpt lat="50.235219" lon="8.853683">
<ele>130</ele>
<time>2026-01-22T18:43:01Z</time></trkpt>
<trkpt lat="50.235006" lon="8.853671">
<ele>129</ele>
<time>2026-01-22T18:43:21Z</time></trkpt>
<trkpt lat="50.234735" lon="8.85367">
<ele>129</ele>
<time>2026-01-22T18:43:48Z</time></trkpt>
<trkpt lat="50.234054" lon="8.853726">
<ele>128</ele>
<time>2026-01-22T18:44:54Z</time></trkpt>
<trkpt lat="50.233567" lon="8.853849">
<ele>127</ele>
<time>2026-01-22T18:45:43Z</time></trkpt>
<trkpt lat="50.232877" lon="8.85413">
<ele>127</ele>
<time>2026-01-22T18:46:53Z</time></trkpt>
<trkpt lat="50.232429" lon="8.854379">
<ele>127</ele>
<time>2026-01-22T18:47:39Z</time></trkpt>
<trkpt lat="50.231994" lon="8.854676">
<ele>126</ele>
<time>2026-01-22T18:48:26Z</time></trkpt>
<trkpt lat="50.231572" lon="8.855019">
<ele>126</ele>
<time>2026-01-22T18:49:13Z</time></trkpt>
<trkpt lat="50.230342" lon="8.856155">
<ele>125</ele>
<time>2026-01-22T18:51:35Z</time></trkpt>
<trkpt lat="50.229818" lon="8.85665">
<ele>125</ele>
<time>2026-01-22T18:52:36Z</time></trkpt>
<trkpt lat="50.229638" lon="8.856758">
<ele>124</ele>
<time>2026-01-22T18:52:55Z</time></trkpt>
<trkpt lat="50.229555" lon="8.856769">
<ele>124</ele>
<time>2026-01-22T18:53:03Z</time></trkpt>
<trkpt lat="50.229488" lon="8.856749">
<ele>124</ele>
<time>2026-01-22T18:53:10Z</time></trkpt>
<trkpt lat="50.229412" lon="8.856695">
<ele>124</ele>
<time>2026-01-22T18:53:18Z</time></trkpt>
<trkpt lat="50.229357" lon="8.856626">
<ele>124</ele>
<time>2026-01-22T18:53:25Z</time></trkpt>
<trkpt lat="50.229238" lon="8.856399">
<ele>124</ele>
<time>2026-01-22T18:53:44Z</time></trkpt>
<trkpt lat="50.229172" lon="8.856244">
<ele>125</ele>
<time>2026-01-22T18:53:56Z</time></trkpt>
<trkpt lat="50.229061" lon="8.856106">
<ele>125</ele>
<time>2026-01-22T18:54:11Z</time></trkpt>
<trkpt lat="50.228931" lon="8.856056">
<ele>125</ele>
<time>2026-01-22T18:54:27Z</time></trkpt>
<trkpt lat="50.228814" lon="8.856086">
<ele>125</ele>
<time>2026-01-22T18:54:41Z</time></trkpt>
<trkpt lat="50.228712" lon="8.856142">
<ele>125</ele>
<time>2026-01-22T18:54:54Z</time></trkpt>
<trkpt lat="50.228659" lon="8.856195">
<ele>125</ele>
<time>2026-01-22T18:55:01Z</time></trkpt>
<trkpt lat="50.228525" lon="8.856435">
<ele>125</ele>
<time>2026-01-22T18:55:25Z</time></trkpt>
<trkpt lat="50.228009" lon="8.855857">
<ele>127</ele>
<time>2026-01-22T18:56:40Z</time></trkpt>
<trkpt lat="50.227615" lon="8.855392">
<ele>129</ele>
<time>2026-01-22T18:57:38Z</time></trkpt>
<trkpt lat="50.22692" lon="8.854628">
<ele>132</ele>
<time>2026-01-22T18:59:18Z</time></trkpt>
<trkpt lat="50.226409" lon="8.85399">
<ele>134</ele>
<time>2026-01-22T19:00:34Z</time></trkpt>
<trkpt lat="50.226149" lon="8.853615">
<ele>134</ele>
<time>2026-01-22T19:01:11Z</time></trkpt>
<trkpt lat="50.225868" lon="8.853165">
<ele>134</ele>
<time>2026-01-22T19:01:53Z</time></trkpt>
<trkpt lat="50.225516" lon="8.852517">
<ele>135</ele>
<time>2026-01-22T19:02:50Z</time></trkpt>
<trkpt lat="50.225323" lon="8.852119">
<ele>135</ele>
<time>2026-01-22T19:03:23Z</time></trkpt>
<trkpt lat="50.224834" lon="8.851054">
<ele>135</ele>
<time>2026-01-22T19:04:51Z</time></trkpt>
<trkpt lat="50.224801" lon="8.851091">
<ele>134</ele>
<time>2026-01-22T19:04:55Z</time></trkpt>
<trkpt lat="50.22479" lon="8.851136">
<ele>134</ele>
<time>2026-01-22T19:04:58Z</time></trkpt>
<trkpt lat="50.224801" lon="8.851091">
<ele>134</ele>
<time>2026-01-22T19:05:02Z</time></trkpt>
<trkpt lat="50.224834" lon="8.851054">
<ele>135</ele>
<time>2026-01-22T19:05:06Z</time></trkpt>
<trkpt lat="50.224369" lon="8.850023">
<ele>135</ele>
<time>2026-01-22T19:06:28Z</time></trkpt>
<trkpt lat="50.223079" lon="8.847189">
<ele>134</ele>
<time>2026-01-22T19:10:06Z</time></trkpt>
<trkpt lat="50.222632" lon="8.84615">
<ele>132</ele>
<time>2026-01-22T19:11:25Z</time></trkpt>
<trkpt lat="50.219927" lon="8.839573">
<ele>117</ele>
<time>2026-01-22T19:19:13Z</time></trkpt>
<trkpt lat="50.219594" lon="8.83874">
<ele>116</ele>
<time>2026-01-22T19:20:12Z</time></trkpt>
<trkpt lat="50.21866" lon="8.836466">
<ele>115</ele>
<time>2026-01-22T19:23:03Z</time></trkpt>
<trkpt lat="50.21818" lon="8.834835">
<ele>116</ele>
<time>2026-01-22T19:25:00Z</time></trkpt>
<trkpt lat="50.218025" lon="8.834529">
<ele>116</ele>
<time>2026-01-22T19:25:26Z</time></trkpt>
<trkpt lat="50.217709" lon="8.83411">
<ele>116</ele>
<time>2026-01-22T19:26:08Z</time></trkpt>
<trkpt lat="50.217449" lon="8.833827">
<ele>116</ele>
<time>2026-01-22T19:26:41Z</time></trkpt>
<trkpt lat="50.217233" lon="8.83358">
<ele>116</ele>
<time>2026-01-22T19:27:08Z</time></trkpt>
<trkpt lat="50.216991" lon="8.833341">
<ele>116</ele>
<time>2026-01-22T19:27:38Z</time></trkpt>
<trkpt lat="50.21665" lon="8.833116">
<ele>117</ele>
<time>2026-01-22T19:28:15Z</time></trkpt>
<trkpt lat="50.2162" lon="8.832981">
<ele>117</ele>
<time>2026-01-22T19:29:02Z</time></trkpt>
<trkpt lat="50.214817" lon="8.832748">
<ele>117</ele>
<time>2026-01-22T19:31:25Z</time></trkpt>
<trkpt lat="50.214243" lon="8.832684">
<ele>117</ele>
<time>2026-01-22T19:32:24Z</time></trkpt>
<trkpt lat="50.214146" lon="8.832657">
<ele>117</ele>
<time>2026-01-22T19:32:34Z</time></trkpt>
<trkpt lat="50.214046" lon="8.832586">
<ele>117</ele>
<time>2026-01-22T19:32:47Z</time></trkpt>
<trkpt lat="50.213955" lon="8.832465">
<ele>116</ele>
<time>2026-01-22T19:33:00Z</time></trkpt>
<trkpt lat="50.213892" lon="8.832326">
<ele>116</ele>
<time>2026-01-22T19:33:12Z</time></trkpt>
<trkpt lat="50.213278" lon="8.830182">
<ele>120</ele>
<time>2026-01-22T19:35:59Z</time></trkpt>
<trkpt lat="50.213184" lon="8.829927">
<ele>121</ele>
<time>2026-01-22T19:36:20Z</time></trkpt>
<trkpt lat="50.212327" lon="8.827994">
<ele>123</ele>
<time>2026-01-22T19:39:05Z</time></trkpt>
<trkpt lat="50.21212" lon="8.82762">
<ele>124</ele>
<time>2026-01-22T19:39:38Z</time></trkpt>
<trkpt lat="50.211166" lon="8.82606">
<ele>121</ele>
<time>2026-01-22T19:42:03Z</time></trkpt>
<trkpt lat="50.210563" lon="8.825065">
<ele>123</ele>
<time>2026-01-22T19:43:34Z</time></trkpt>
<trkpt lat="50.210378" lon="8.824792">
<ele>124</ele>
<time>2026-01-22T19:44:01Z</time></trkpt>
<trkpt lat="50.21007" lon="8.824393">
<ele>125</ele>
<time>2026-01-22T19:44:42Z</time></trkpt>
<trkpt lat="50.20972" lon="8.824019">
<ele>126</ele>
<time>2026-01-22T19:45:25Z</time></trkpt>
<trkpt lat="50.209436" lon="8.823774">
<ele>126</ele>
<time>2026-01-22T19:45:59Z</time></trkpt>
<trkpt lat="50.209128" lon="8.823543">
<ele>126</ele>
<time>2026-01-22T19:46:34Z</time></trkpt>
<trkpt lat="50.208209" lon="8.822989">
<ele>125</ele>
<time>2026-01-22T19:48:14Z</time></trkpt>
<trkpt lat="50.207727" lon="8.822652">
<ele>125</ele>
<time>2026-01-22T19:49:09Z</time></trkpt>
<trkpt lat="50.207438" lon="8.822398">
<ele>125</ele>
<time>2026-01-22T19:49:42Z</time></trkpt>
<trkpt lat="50.207111" lon="8.822057">
<ele>125</ele>
<time>2026-01-22T19:50:21Z</time></trkpt>
<trkpt lat="50.206853" lon="8.821738">
<ele>125</ele>
<time>2026-01-22T19:50:53Z</time></trkpt>
<trkpt lat="50.206508" lon="8.821219">
<ele>125</ele>
<time>2026-01-22T19:51:40Z</time></trkpt>
<trkpt lat="50.206114" lon="8.820513">
<ele>125</ele>
<time>2026-01-22T19:52:39Z</time></trkpt>
<trkpt lat="50.205639" lon="8.819609">
<ele>125</ele>
<time>2026-01-22T19:53:52Z</time></trkpt>
<trkpt lat="50.205114" lon="8.818641">
<ele>121</ele>
<time>2026-01-22T19:55:11Z</time></trkpt>
<trkpt lat="50.204738" lon="8.818082">
<ele>119</ele>
<time>2026-01-22T19:55:59Z</time></trkpt>
<trkpt lat="50.203727" lon="8.816654">
<ele>115</ele>
<time>2026-01-22T19:58:06Z</time></trkpt>
<trkpt lat="50.20343" lon="8.816149">
<ele>114</ele>
<time>2026-01-22T19:58:47Z</time></trkpt>
<trkpt lat="50.203169" lon="8.81561">
<ele>114</ele>
<time>2026-01-22T19:59:28Z</time></trkpt>
<trkpt lat="50.202926" lon="8.814992">
<ele>113</ele>
<time>2026-01-22T20:00:12Z</time></trkpt>
<trkpt lat="50.202768" lon="8.814467">
<ele>112</ele>
<time>2026-01-22T20:00:49Z</time></trkpt>
<trkpt lat="50.202602" lon="8.81375">
<ele>112</ele>
<time>2026-01-22T20:01:37Z</time></trkpt>
<trkpt lat="50.202519" lon="8.813167">
<ele>112</ele>
<time>2026-01-22T20:02:14Z</time></trkpt>
<trkpt lat="50.202457" lon="8.812359">
<ele>112</ele>
<time>2026-01-22T20:03:06Z</time></trkpt>
<trkpt lat="50.202421" lon="8.809321">
<ele>111</ele>
<time>2026-01-22T20:06:18Z</time></trkpt>
<trkpt lat="50.202396" lon="8.805376">
<ele>110</ele>
<time>2026-01-22T20:10:29Z</time></trkpt>
<trkpt lat="50.202411" lon="8.804469">
<ele>110</ele>
<time>2026-01-22T20:11:27Z</time></trkpt>
<trkpt lat="50.202444" lon="8.803957">
<ele>110</ele>
<time>2026-01-22T20:12:00Z</time></trkpt>
<trkpt lat="50.202616" lon="8.802315">
<ele>110</ele>
<time>2026-01-22T20:13:47Z</time></trkpt>
<trkpt lat="50.202746" lon="8.801165">
<ele>110</ele>
<time>2026-01-22T20:15:02Z</time></trkpt>
<trkpt lat="50.202884" lon="8.800019">
<ele>110</ele>
<time>2026-01-22T20:16:17Z</time></trkpt>
<trkpt lat="50.202927" lon="8.799535">
<ele>110</ele>
<time>2026-01-22T20:16:48Z</time></trkpt>
<trkpt lat="50.202937" lon="8.799393">
<ele>110</ele>
<time>2026-01-22T20:16:57Z</time></trkpt>
<trkpt lat="50.202959" lon="8.798855">
<ele>110</ele>
<time>2026-01-22T20:17:32Z</time></trkpt>
<trkpt lat="50.202962" lon="8.798445">
<ele>110</ele>
<time>2026-01-22T20:17:58Z</time></trkpt>
<trkpt lat="50.202935" lon="8.798098">
<ele>110</ele>
<time>2026-01-22T20:18:21Z</time></trkpt>
<trkpt lat="50.202869" lon="8.797706">
<ele>110</ele>
<time>2026-01-22T20:18:47Z</time></trkpt>
<trkpt lat="50.202715" lon="8.797148">
<ele>110</ele>
<time>2026-01-22T20:19:26Z</time></trkpt>
<trkpt lat="50.202584" lon="8.796821">
<ele>110</ele>
<time>2026-01-22T20:19:50Z</time></trkpt>
<trkpt lat="50.202358" lon="8.796402">
<ele>110</ele>
<time>2026-01-22T20:20:25Z</time></trkpt>
<trkpt lat="50.202061" lon="8.796004">
<ele>110</ele>
<time>2026-01-22T20:21:05Z</time></trkpt>
<trkpt lat="50.201545" lon="8.795461">
<ele>110</ele>
<time>2026-01-22T20:22:06Z</time></trkpt>
<trkpt lat="50.200827" lon="8.794821">
<ele>109</ele>
<time>2026-01-22T20:23:28Z</time></trkpt>
<trkpt lat="50.200444" lon="8.794524">
<ele>109</ele>
<time>2026-01-22T20:24:10Z</time></trkpt>
<trkpt lat="50.199799" lon="8.794092">
<ele>109</ele>
<time>2026-01-22T20:25:19Z</time></trkpt>
<trkpt lat="50.199216" lon="8.793761">
<ele>109</ele>
<time>2026-01-22T20:26:20Z</time></trkpt>
<trkpt lat="50.198291" lon="8.79331">
<ele>108</ele>
<time>2026-01-22T20:27:57Z</time></trkpt>
<trkpt lat="50.197786" lon="8.793102">
<ele>108</ele>
<time>2026-01-22T20:28:50Z</time></trkpt>
<trkpt lat="50.197506" lon="8.792991">
<ele>108</ele>
<time>2026-01-22T20:29:18Z</time></trkpt>
<trkpt lat="50.196542" lon="8.792665">
<ele>108</ele>
<time>2026-01-22T20:30:57Z</time></trkpt>
<trkpt lat="50.195676" lon="8.792429">
<ele>108</ele>
<time>2026-01-22T20:32:30Z</time></trkpt>
<trkpt lat="50.19504" lon="8.792293">
<ele>108</ele>
<time>2026-01-22T20:33:50Z</time></trkpt>
<trkpt lat="50.194189" lon="8.792157">
<ele>113</ele>
<time>2026-01-22T20:35:36Z</time></trkpt>
<trkpt lat="50.193543" lon="8.79209">
<ele>115</ele>
<time>2026-01-22T20:36:57Z</time></trkpt>
<trkpt lat="50.192529" lon="8.792041">
<ele>120</ele>
<time>2026-01-22T20:39:01Z</time></trkpt>
<trkpt lat="50.189929" lon="8.79213">
<ele>123</ele>
<time>2026-01-22T20:43:45Z</time></trkpt>
<trkpt lat="50.1888263" lon="8.7920987">
<ele>124</ele>
<time>2026-01-22T20:45:44Z</time></trkpt>
<trkpt lat="50.1886481" lon="8.7919227">
<ele>124</ele>
<time>2026-01-22T20:46:06Z</time></trkpt>
<trkpt lat="50.1885141" lon="8.7916504">
<ele>124</ele>
<time>2026-01-22T20:46:30Z</time></trkpt>
<trkpt lat="50.1885336" lon="8.7914352">
<ele>125</ele>
<time>2026-01-22T20:46:45Z</time></trkpt>
<trkpt lat="50.1885254" lon="8.7905233">
<ele>125</ele>
<time>2026-01-22T20:47:47Z</time></trkpt>
<trkpt lat="50.1882841" lon="8.7901721">
<ele>125</ele>
<time>2026-01-22T20:48:22Z</time></trkpt>
<trkpt lat="50.1878998" lon="8.7900534">
<ele>127</ele>
<time>2026-01-22T20:49:04Z</time></trkpt>
<trkpt lat="50.1878397" lon="8.7898887">
<ele>127</ele>
<time>2026-01-22T20:49:17Z</time></trkpt>
<trkpt lat="50.1880493" lon="8.7885108">
<ele>126</ele>
<time>2026-01-22T20:50:52Z</time></trkpt>
<trkpt lat="50.1889878" lon="8.7838518">
<ele>126</ele>
<time>2026-01-22T20:56:07Z</time></trkpt>
<trkpt lat="50.189363" lon="8.7808385">
<ele>128</ele>
<time>2026-01-22T20:59:41Z</time></trkpt>
<trkpt lat="50.1892381" lon="8.7776983">
<ele>130</ele>
<time>2026-01-22T21:03:13Z</time></trkpt>
<trkpt lat="50.1895408" lon="8.7737298">
<ele>131</ele>
<time>2026-01-22T21:07:30Z</time></trkpt>
<trkpt lat="50.1899891" lon="8.7702737">
<ele>131</ele>
<time>2026-01-22T21:11:21Z</time></trkpt>
<trkpt lat="50.1905252" lon="8.7685554">
<ele>129</ele>
<time>2026-01-22T21:13:23Z</time></trkpt>
<trkpt lat="50.1910063" lon="8.7651338">
<ele>127</ele>
<time>2026-01-22T21:16:59Z</time></trkpt>
<trkpt lat="50.1914099" lon="8.7612192">
<ele>126</ele>
<time>2026-01-22T21:21:09Z</time></trkpt>
<trkpt lat="50.1914275" lon="8.7593616">
<ele>124</ele>
<time>2026-01-22T21:23:06Z</time></trkpt>
<trkpt lat="50.1913121" lon="8.75775">
<ele>122</ele>
<time>2026-01-22T21:24:49Z</time></trkpt>
<trkpt lat="50.1906691" lon="8.7541903">
<ele>120</ele>
<time>2026-01-22T21:28:41Z</time></trkpt>
<trkpt lat="50.1904071" lon="8.7530086">
<ele>112</ele>
<time>2026-01-22T21:29:51Z</time></trkpt>
<trkpt lat="50.1903806" lon="8.7518463">
<ele>108</ele>
<time>2026-01-22T21:30:56Z</time></trkpt>
<trkpt lat="50.1904453" lon="8.7508562">
<ele>107</ele>
<time>2026-01-22T21:31:51Z</time></trkpt>
<trkpt lat="50.190567" lon="8.7501155">
<ele>106</ele>
<time>2026-01-22T21:32:34Z</time></trkpt>
<trkpt lat="50.1913872" lon="8.7478464">
<ele>107</ele>
<time>2026-01-22T21:35:32Z</time></trkpt>
<trkpt lat="50.1916792" lon="8.7471251">
<ele>109</ele>
<time>2026-01-22T21:36:34Z</time></trkpt>
<trkpt lat="50.191937" lon="8.7462003">
<ele>110</ele>
<time>2026-01-22T21:37:47Z</time></trkpt>
<trkpt lat="50.1921061" lon="8.744797">
<ele>111</ele>
<time>2026-01-22T21:39:29Z</time></trkpt>
<trkpt lat="50.1921166" lon="8.7431353">
<ele>112</ele>
<time>2026-01-22T21:41:16Z</time></trkpt>
<trkpt lat="50.1919708" lon="8.7427899">
<ele>113</ele>
<time>2026-01-22T21:41:43Z</time></trkpt>
<trkpt lat="50.1875934" lon="8.7421405">
<ele>110</ele>
<time>2026-01-22T21:48:59Z</time></trkpt>
<trkpt lat="50.1862779" lon="8.7417656">
<ele>109</ele>
<time>2026-01-22T21:51:12Z</time></trkpt>
<trkpt lat="50.1860892" lon="8.7405209">
<ele>109</ele>
<time>2026-01-22T21:52:34Z</time></trkpt>
<trkpt lat="50.1856387" lon="8.7392312">
<ele>109</ele>
<time>2026-01-22T21:54:08Z</time></trkpt>
<trkpt lat="50.1850438" lon="8.7382028">
<ele>109</ele>
<time>2026-01-22T21:55:37Z</time></trkpt>
<trkpt lat="50.1840253" lon="8.7377263">
<ele>108</ele>
<time>2026-01-22T21:57:20Z</time></trkpt>
<trkpt lat="50.1808991" lon="8.7363863">
<ele>104</ele>
<time>2026-01-22T22:02:39Z</time></trkpt>
<trkpt lat="50.1800221" lon="8.7358379">
<ele>104</ele>
<time>2026-01-22T22:04:14Z</time></trkpt>
<trkpt lat="50.1793389" lon="8.7351206">
<ele>104</ele>
<time>2026-01-22T22:05:36Z</time></trkpt>
<trkpt lat="50.1788905" lon="8.7351071">
<ele>106</ele>
<time>2026-01-22T22:06:25Z</time></trkpt>
<trkpt lat="50.1783632" lon="8.7354254">
<ele>107</ele>
<time>2026-01-22T22:07:34Z</time></trkpt>
<trkpt lat="50.1780132" lon="8.7354606">
<ele>107</ele>
<time>2026-01-22T22:08:17Z</time></trkpt>
<trkpt lat="50.1766824" lon="8.7347072">
<ele>112</ele>
<time>2026-01-22T22:11:10Z</time></trkpt>
<trkpt lat="50.1724477" lon="8.7322441">
<ele>137</ele>
<time>2026-01-22T22:21:47Z</time></trkpt>
<trkpt lat="50.1711338" lon="8.7312819">
<ele>153</ele>
<time>2026-01-22T22:25:39Z</time></trkpt>
<trkpt lat="50.1699585" lon="8.7305921">
<ele>161</ele>
<time>2026-01-22T22:28:59Z</time></trkpt>
<trkpt lat="50.1687901" lon="8.7302216">
<ele>165</ele>
<time>2026-01-22T22:31:30Z</time></trkpt>
<trkpt lat="50.1681479" lon="8.730241">
<ele>166</ele>
<time>2026-01-22T22:32:51Z</time></trkpt>
<trkpt lat="50.1673927" lon="8.7301692">
<ele>170</ele>
<time>2026-01-22T22:34:27Z</time></trkpt>
<trkpt lat="50.1663548" lon="8.7298746">
<ele>175</ele>
<time>2026-01-22T22:36:37Z</time></trkpt>
<trkpt lat="50.165445" lon="8.729663">
<ele>177</ele>
<time>2026-01-22T22:38:28Z</time></trkpt>
<trkpt lat="50.164357" lon="8.729468">
<ele>182</ele>
<time>2026-01-22T22:40:39Z</time></trkpt>
<trkpt lat="50.16364" lon="8.729297">
<ele>183</ele>
<time>2026-01-22T22:42:06Z</time></trkpt>
<trkpt lat="50.163212" lon="8.729116">
<ele>180</ele>
<time>2026-01-22T22:42:54Z</time></trkpt>
<trkpt lat="50.162762" lon="8.72885">
<ele>180</ele>
<time>2026-01-22T22:43:46Z</time></trkpt>
<trkpt lat="50.162474" lon="8.728642">
<ele>180</ele>
<time>2026-01-22T22:44:20Z</time></trkpt>
<trkpt lat="50.162127" lon="8.728328">
<ele>181</ele>
<time>2026-01-22T22:45:02Z</time></trkpt>
<trkpt lat="50.161965" lon="8.728156">
<ele>181</ele>
<time>2026-01-22T22:45:23Z</time></trkpt>
<trkpt lat="50.161437" lon="8.727494">
<ele>183</ele>
<time>2026-01-22T22:46:36Z</time></trkpt>
<trkpt lat="50.160871" lon="8.726615">
<ele>185</ele>
<time>2026-01-22T22:48:01Z</time></trkpt>
<trkpt lat="50.160439" lon="8.725822">
<ele>185</ele>
<time>2026-01-22T22:49:04Z</time></trkpt>
<trkpt lat="50.159348" lon="8.723563">
<ele>182</ele>
<time>2026-01-22T22:51:58Z</time></trkpt>
<trkpt lat="50.159031" lon="8.722881">
<ele>180</ele>
<time>2026-01-22T22:52:49Z</time></trkpt>
<trkpt lat="50.158071" lon="8.721013">
<ele>176</ele>
<time>2026-01-22T22:55:19Z</time></trkpt>
<trkpt lat="50.157854" lon="8.72064">
<ele>176</ele>
<time>2026-01-22T22:55:51Z</time></trkpt>
<trkpt lat="50.157254" lon="8.719733">
<ele>176</ele>
<time>2026-01-22T22:57:12Z</time></trkpt>
<trkpt lat="50.15674" lon="8.719097">
<ele>176</ele>
<time>2026-01-22T22:58:17Z</time></trkpt>
<trkpt lat="50.156302" lon="8.718642">
<ele>176</ele>
<time>2026-01-22T22:59:09Z</time></trkpt>
<trkpt lat="50.154711" lon="8.71711">
<ele>176</ele>
<time>2026-01-22T23:02:17Z</time></trkpt>
<trkpt lat="50.154465" lon="8.716825">
<ele>176</ele>
<time>2026-01-22T23:02:47Z</time></trkpt>
<trkpt lat="50.154167" lon="8.716439">
<ele>176</ele>
<time>2026-01-22T23:03:26Z</time></trkpt>
<trkpt lat="50.153903" lon="8.716016">
<ele>176</ele>
<time>2026-01-22T23:04:05Z</time></trkpt>
<trkpt lat="50.15291" lon="8.71397">
<ele>180</ele>
<time>2026-01-22T23:06:57Z</time></trkpt>
<trkpt lat="50.152564" lon="8.713334">
<ele>180</ele>
<time>2026-01-22T23:07:53Z</time></trkpt>
<trkpt lat="50.152074" lon="8.712564">
<ele>178</ele>
<time>2026-01-22T23:09:05Z</time></trkpt>
<trkpt lat="50.151864" lon="8.71231">
<ele>178</ele>
<time>2026-01-22T23:09:32Z</time></trkpt>
<trkpt lat="50.149481" lon="8.709726">
<ele>171</ele>
<time>2026-01-22T23:14:08Z</time></trkpt>
<trkpt lat="50.147385" lon="8.707474">
<ele>166</ele>
<time>2026-01-22T23:18:08Z</time></trkpt>
<trkpt lat="50.147024" lon="8.707107">
<ele>165</ele>
<time>2026-01-22T23:18:48Z</time></trkpt>
<trkpt lat="50.146282" lon="8.706409">
<ele>162</ele>
<time>2026-01-22T23:20:10Z</time></trkpt>
<trkpt lat="50.145927" lon="8.706102">
<ele>159</ele>
<time>2026-01-22T23:20:48Z</time></trkpt>
<trkpt lat="50.144647" lon="8.705085">
<ele>155</ele>
<time>2026-01-22T23:23:03Z</time></trkpt>
<trkpt lat="50.144375" lon="8.704843">
<ele>155</ele>
<time>2026-01-22T23:23:33Z</time></trkpt>
<trkpt lat="50.143783" lon="8.704219">
<ele>155</ele>
<time>2026-01-22T23:24:40Z</time></trkpt>
<trkpt lat="50.143548" lon="8.703906">
<ele>155</ele>
<time>2026-01-22T23:25:12Z</time></trkpt>
<trkpt lat="50.143204" lon="8.703344">
<ele>155</ele>
<time>2026-01-22T23:26:04Z</time></trkpt>
<trkpt lat="50.142886" lon="8.70263">
<ele>155</ele>
<time>2026-01-22T23:27:02Z</time></trkpt>
<trkpt lat="50.141061" lon="8.699026">
<ele>158</ele>
<time>2026-01-22T23:32:02Z</time></trkpt>
<trkpt lat="50.140933" lon="8.6988">
<ele>158</ele>
<time>2026-01-22T23:32:20Z</time></trkpt>
<trkpt lat="50.140794" lon="8.698667">
<ele>158</ele>
<time>2026-01-22T23:32:36Z</time></trkpt>
<trkpt lat="50.140613" lon="8.698594">
<ele>158</ele>
<time>2026-01-22T23:32:54Z</time></trkpt>
<trkpt lat="50.140302" lon="8.698516">
<ele>157</ele>
<time>2026-01-22T23:33:24Z</time></trkpt>
<trkpt lat="50.139843" lon="8.698345">
<ele>155</ele>
<time>2026-01-22T23:34:10Z</time></trkpt>
<trkpt lat="50.139009" lon="8.697964">
<ele>152</ele>
<time>2026-01-22T23:35:34Z</time></trkpt>
<trkpt lat="50.13898" lon="8.698289">
<ele>153</ele>
<time>2026-01-22T23:35:57Z</time></trkpt>
<trkpt lat="50.139371" lon="8.698463">
<ele>154</ele>
<time>2026-01-22T23:36:41Z</time></trkpt>
<trkpt lat="50.140029" lon="8.698766">
<ele>157</ele>
<time>2026-01-22T23:37:56Z</time></trkpt>
<trkpt lat="50.140204" lon="8.698822">
<ele>158</ele>
<time>2026-01-22T23:38:15Z</time></trkpt>
<trkpt lat="50.14062" lon="8.698852">
<ele>158</ele>
<time>2026-01-22T23:39:01Z</time></trkpt>
<trkpt lat="50.140836" lon="8.698843">
<ele>158</ele>
<time>2026-01-22T23:39:24Z</time></trkpt>
<trkpt lat="50.140933" lon="8.6988">
<ele>158</ele>
<time>2026-01-22T23:39:35Z</time></trkpt>
<trkpt lat="50.140794" lon="8.698667">
<ele>158</ele>
<time>2026-01-22T23:39:53Z</time></trkpt>
<trkpt lat="50.140613" lon="8.698594">
<ele>158</ele>
<time>2026-01-22T23:40:13Z</time></trkpt>
<trkpt lat="50.140302" lon="8.698516">
<ele>157</ele>
<time>2026-01-22T23:40:48Z</time></trkpt>
<trkpt lat="50.139794" lon="8.698325">
<ele>155</ele>
<time>2026-01-22T23:41:41Z</time></trkpt>
<trkpt lat="50.13805" lon="8.697523">
<ele>149</ele>
<time>2026-01-22T23:44:27Z</time></trkpt>
<trkpt lat="50.137139" lon="8.697174">
<ele>145</ele>
<time>2026-01-22T23:45:52Z</time></trkpt>
<trkpt lat="50.136672" lon="8.696955">
<ele>144</ele>
<time>2026-01-22T23:46:38Z</time></trkpt>
<trkpt lat="50.135541" lon="8.696342">
<ele>142</ele>
<time>2026-01-22T23:48:32Z</time></trkpt>
<trkpt lat="50.133189" lon="8.695244">
<ele>136</ele>
<time>2026-01-22T23:52:26Z</time></trkpt>
<trkpt lat="50.131983" lon="8.69483">
<ele>133</ele>
<time>2026-01-22T23:54:21Z</time></trkpt>
<trkpt lat="50.129644" lon="8.693745">
<ele>128</ele>
<time>2026-01-22T23:58:13Z</time></trkpt>
<trkpt lat="50.1295" lon="8.693625">
<ele>127</ele>
<time>2026-01-22T23:58:29Z</time></trkpt>
<trkpt lat="50.129369" lon="8.693444">
<ele>127</ele>
<time>2026-01-22T23:58:46Z</time></trkpt>
<trkpt lat="50.129168" lon="8.693101">
<ele>127</ele>
<time>2026-01-22T23:59:15Z</time></trkpt>
<trkpt lat="50.128684" lon="8.69237">
<ele>126</ele>
<time>2026-01-23T00:00:20Z</time></trkpt>
<trkpt lat="50.128557" lon="8.692239">
<ele>125</ele>
<time>2026-01-23T00:00:35Z</time></trkpt>
<trkpt lat="50.128492" lon="8.692204">
<ele>125</ele>
<time>2026-01-23T00:00:42Z</time></trkpt>
<trkpt lat="50.127449" lon="8.69202">
<ele>124</ele>
<time>2026-01-23T00:02:23Z</time></trkpt>
<trkpt lat="50.125221" lon="8.69172">
<ele>121</ele>
<time>2026-01-23T00:05:59Z</time></trkpt>
<trkpt lat="50.124222" lon="8.691687">
<ele>118</ele>
<time>2026-01-23T00:07:35Z</time></trkpt>
<trkpt lat="50.123587" lon="8.69169">
<ele>117</ele>
<time>2026-01-23T00:08:35Z</time></trkpt>
<trkpt lat="50.12313" lon="8.691569">
<ele>116</ele>
<time>2026-01-23T00:09:19Z</time></trkpt>
<trkpt lat="50.122825" lon="8.691443">
<ele>115</ele>
<time>2026-01-23T00:09:49Z</time></trkpt>
<trkpt lat="50.122632" lon="8.691336">
<ele>115</ele>
<time>2026-01-23T00:10:08Z</time></trkpt>
<trkpt lat="50.122092" lon="8.690837">
<ele>114</ele>
<time>2026-01-23T00:11:08Z</time></trkpt>
<trkpt lat="50.121983" lon="8.690771">
<ele>114</ele>
<time>2026-01-23T00:11:19Z</time></trkpt>
<trkpt lat="50.121318" lon="8.690604">
<ele>113</ele>
<time>2026-01-23T00:12:23Z</time></trkpt>
<trkpt lat="50.120792" lon="8.690439">
<ele>112</ele>
<time>2026-01-23T00:13:15Z</time></trkpt>
<trkpt lat="50.120356" lon="8.690246">
<ele>112</ele>
<time>2026-01-23T00:13:59Z</time></trkpt>
<trkpt lat="50.119656" lon="8.689854">
<ele>111</ele>
<time>2026-01-23T00:15:12Z</time></trkpt>
<trkpt lat="50.119213" lon="8.689501">
<ele>110</ele>
<time>2026-01-23T00:16:00Z</time></trkpt>
<trkpt lat="50.11898" lon="8.68928">
<ele>109</ele>
<time>2026-01-23T00:16:26Z</time></trkpt>
<trkpt lat="50.118555" lon="8.688814">
<ele>109</ele>
<time>2026-01-23T00:17:17Z</time></trkpt>
<trkpt lat="50.118216" lon="8.688448">
<ele>108</ele>
<time>2026-01-23T00:17:57Z</time></trkpt>
<trkpt lat="50.118071" lon="8.688278">
<ele>108</ele>
<time>2026-01-23T00:18:14Z</time></trkpt>
<trkpt lat="50.117774" lon="8.688133">
<ele>108</ele>
<time>2026-01-23T00:18:44Z</time></trkpt>
<trkpt lat="50.117553" lon="8.687968">
<ele>107</ele>
<time>2026-01-23T00:19:08Z</time></trkpt>
<trkpt lat="50.117155" lon="8.687527">
<ele>107</ele>
<time>2026-01-23T00:19:55Z</time></trkpt>
<trkpt lat="50.116984" lon="8.687458">
<ele>107</ele>
<time>2026-01-23T00:20:12Z</time></trkpt>
<trkpt lat="50.116358" lon="8.687497">
<ele>106</ele>
<time>2026-01-23T00:21:12Z</time></trkpt>
<trkpt lat="50.114774" lon="8.68771">
<ele>102</ele>
<time>2026-01-23T00:23:45Z</time></trkpt>
<trkpt lat="50.113585" lon="8.687787">
<ele>100</ele>
<time>2026-01-23T00:25:39Z</time></trkpt>
<trkpt lat="50.112724" lon="8.687875">
<ele>99</ele>
<time>2026-01-23T00:27:01Z</time></trkpt>
<trkpt lat="50.111806" lon="8.688012">
<ele>98</ele>
<time>2026-01-23T00:28:31Z</time></trkpt>
<trkpt lat="50.111356" lon="8.688029">
<ele>97</ele>
<time>2026-01-23T00:29:15Z</time></trkpt>
<trkpt lat="50.111313" lon="8.688055">
<ele>97</ele>
<time>2026-01-23T00:29:19Z</time></trkpt>
<trkpt lat="50.110271" lon="8.687984">
<ele>96</ele>
<time>2026-01-23T00:31:01Z</time></trkpt>
<trkpt lat="50.109694" lon="8.687719">
<ele>95</ele>
<time>2026-01-23T00:32:00Z</time></trkpt>
<trkpt lat="50.109626" lon="8.687704">
<ele>95</ele>
<time>2026-01-23T00:32:07Z</time></trkpt>
<trkpt lat="50.109338" lon="8.692057">
<ele>95</ele>
<time>2026-01-23T00:36:47Z</time></trkpt>
<trkpt lat="50.109191" lon="8.692676">
<ele>95</ele>
<time>2026-01-23T00:37:30Z</time></trkpt>
<trkpt lat="50.109139" lon="8.693054">
<ele>95</ele>
<time>2026-01-23T00:37:54Z</time></trkpt>
<trkpt lat="50.10913" lon="8.69349">
<ele>95</ele>
<time>2026-01-23T00:38:22Z</time></trkpt>
<trkpt lat="50.109157" lon="8.694311">
<ele>95</ele>
<time>2026-01-23T00:39:16Z</time></trkpt>
<trkpt lat="50.109168" lon="8.694885">
<ele>95</ele>
<time>2026-01-23T00:39:54Z</time></trkpt>
<trkpt lat="50.109103" lon="8.696233">
<ele>95</ele>
<time>2026-01-23T00:41:23Z</time></trkpt>
<trkpt lat="50.109146" lon="8.696479">
<ele>95</ele>
<time>2026-01-23T00:41:40Z</time></trkpt>
<trkpt lat="50.109336" lon="8.697022">
<ele>96</ele>
<time>2026-01-23T00:42:20Z</time></trkpt>
<trkpt lat="50.109951" lon="8.698955">
<ele>97</ele>
<time>2026-01-23T00:44:42Z</time></trkpt>
<trkpt lat="50.110241" lon="8.699885">
<ele>97</ele>
<time>2026-01-23T00:45:50Z</time></trkpt>
<trkpt lat="50.110824" lon="8.702611">
<ele>97</ele>
<time>2026-01-23T00:48:59Z</time></trkpt>
<trkpt lat="50.111228" lon="8.704613">
<ele>98</ele>
<time>2026-01-23T00:51:14Z</time></trkpt>
<trkpt lat="50.111337" lon="8.705223">
<ele>98</ele>
<time>2026-01-23T00:51:55Z</time></trkpt>
<trkpt lat="50.1114" lon="8.705817">
<ele>98</ele>
<time>2026-01-23T00:52:33Z</time></trkpt>
<trkpt lat="50.111432" lon="8.706643">
<ele>98</ele>
<time>2026-01-23T00:53:26Z</time></trkpt>
<trkpt lat="50.111401" lon="8.707568">
<ele>97</ele>
<time>2026-01-23T00:54:26Z</time></trkpt>
<trkpt lat="50.111371" lon="8.707776">
<ele>97</ele>
<time>2026-01-23T00:54:40Z</time></trkpt>
<trkpt lat="50.111338" lon="8.708553">
<ele>97</ele>
<time>2026-01-23T00:55:29Z</time></trkpt>
<trkpt lat="50.111279" lon="8.710376">
<ele>97</ele>
<time>2026-01-23T00:57:26Z</time></trkpt>
<trkpt lat="50.111266" lon="8.710699">
<ele>96</ele>
<time>2026-01-23T00:57:46Z</time></trkpt>
<trkpt lat="50.111335" lon="8.711681">
<ele>96</ele>
<time>2026-01-23T00:58:49Z</time></trkpt>
<trkpt lat="50.111434" lon="8.712131">
<ele>96</ele>
<time>2026-01-23T00:59:20Z</time></trkpt>
<trkpt lat="50.112041" lon="8.713959">
<ele>96</ele>
<time>2026-01-23T01:01:32Z</time></trkpt>
<trkpt lat="50.113874" lon="8.719268">
<ele>96</ele>
<time>2026-01-23T01:07:58Z</time></trkpt>
<trkpt lat="50.114931" lon="8.722456">
<ele>95</ele>
<time>2026-01-23T01:11:50Z</time></trkpt>
<trkpt lat="50.11568" lon="8.724604">
<ele>96</ele>
<time>2026-01-23T01:14:34Z</time></trkpt>
<trkpt lat="50.116686" lon="8.727566">
<ele>96</ele>
<time>2026-01-23T01:18:13Z</time></trkpt>
<trkpt lat="50.11682" lon="8.727904">
<ele>96</ele>
<time>2026-01-23T01:18:38Z</time></trkpt>
<trkpt lat="50.117729" lon="8.729812">
<ele>96</ele>
<time>2026-01-23T01:21:10Z</time></trkpt>
<trkpt lat="50.117914" lon="8.730248">
<ele>96</ele>
<time>2026-01-23T01:21:43Z</time></trkpt>
<trkpt lat="50.118034" lon="8.7306">
<ele>96</ele>
<time>2026-01-23T01:22:09Z</time></trkpt>
<trkpt lat="50.11812" lon="8.730986">
<ele>96</ele>
<time>2026-01-23T01:22:36Z</time></trkpt>
<trkpt lat="50.11826" lon="8.731484">
<ele>96</ele>
<time>2026-01-23T01:23:12Z</time></trkpt>
<trkpt lat="50.118354" lon="8.731674">
<ele>96</ele>
<time>2026-01-23T01:23:27Z</time></trkpt>
<trkpt lat="50.118486" lon="8.731842">
<ele>96</ele>
<time>2026-01-23T01:23:45Z</time></trkpt>
<trkpt lat="50.118861" lon="8.732217">
<ele>97</ele>
<time>2026-01-23T01:24:31Z</time></trkpt>
<trkpt lat="50.119038" lon="8.732458">
<ele>97</ele>
<time>2026-01-23T01:24:55Z</time></trkpt>
<trkpt lat="50.119734" lon="8.733918">
<ele>97</ele>
<time>2026-01-23T01:26:54Z</time></trkpt>
<trkpt lat="50.120659" lon="8.736043">
<ele>97</ele>
<time>2026-01-23T01:29:40Z</time></trkpt>
<trkpt lat="50.123028" lon="8.741797">
<ele>97</ele>
<time>2026-01-23T01:36:59Z</time></trkpt>
<trkpt lat="50.123847" lon="8.743839">
<ele>97</ele>
<time>2026-01-23T01:39:35Z</time></trkpt>
<trkpt lat="50.124374" lon="8.745071">
<ele>98</ele>
<time>2026-01-23T01:41:13Z</time></trkpt>
<trkpt lat="50.125397" lon="8.747703">
<ele>98</ele>
<time>2026-01-23T01:44:34Z</time></trkpt>
<trkpt lat="50.12619" lon="8.749836">
<ele>98</ele>
<time>2026-01-23T01:47:12Z</time></trkpt>
<trkpt lat="50.127364" lon="8.753038">
<ele>98</ele>
<time>2026-01-23T01:51:09Z</time></trkpt>
<trkpt lat="50.128389" lon="8.756114">
<ele>98</ele>
<time>2026-01-23T01:54:52Z</time></trkpt>
<trkpt lat="50.128837" lon="8.757263">
<ele>98</ele>
<time>2026-01-23T01:56:18Z</time></trkpt>
<trkpt lat="50.129636" lon="8.759633">
<ele>98</ele>
<time>2026-01-23T01:59:10Z</time></trkpt>
<trkpt lat="50.131214" lon="8.763454">
<ele>98</ele>
<time>2026-01-23T02:04:02Z</time></trkpt>
<trkpt lat="50.132032" lon="8.765412">
<ele>98</ele>
<time>2026-01-23T02:06:31Z</time></trkpt>
<trkpt lat="50.132656" lon="8.766797">
<ele>97</ele>
<time>2026-01-23T02:08:19Z</time></trkpt>
<trkpt lat="50.13291" lon="8.767187">
<ele>97</ele>
<time>2026-01-23T02:08:55Z</time></trkpt>
<trkpt lat="50.134169" lon="8.769481">
<ele>97</ele>
<time>2026-01-23T02:12:08Z</time></trkpt>
<trkpt lat="50.134247" lon="8.769757">
<ele>96</ele>
<time>2026-01-23T02:12:27Z</time></trkpt>
<trkpt lat="50.134385" lon="8.770001">
<ele>96</ele>
<time>2026-01-23T02:12:48Z</time></trkpt>
<trkpt lat="50.135499" lon="8.771649">
<ele>97</ele>
<time>2026-01-23T02:15:22Z</time></trkpt>
<trkpt lat="50.135588" lon="8.77179">
<ele>97</ele>
<time>2026-01-23T02:15:35Z</time></trkpt>
<trkpt lat="50.135718" lon="8.771876">
<ele>97</ele>
<time>2026-01-23T02:15:49Z</time></trkpt>
<trkpt lat="50.135754" lon="8.771873">
<ele>97</ele>
<time>2026-01-23T02:15:52Z</time></trkpt>
<trkpt lat="50.136014" lon="8.771596">
<ele>98</ele>
<time>2026-01-23T02:16:24Z</time></trkpt>
<trkpt lat="50.136361" lon="8.771184">
<ele>98</ele>
<time>2026-01-23T02:17:09Z</time></trkpt>
<trkpt lat="50.136424" lon="8.771092">
<ele>98</ele>
<time>2026-01-23T02:17:18Z</time></trkpt>
<trkpt lat="50.13651" lon="8.770904">
<ele>98</ele>
<time>2026-01-23T02:17:33Z</time></trkpt>
<trkpt lat="50.136574" lon="8.770649">
<ele>98</ele>
<time>2026-01-23T02:17:51Z</time></trkpt>
<trkpt lat="50.136581" lon="8.770531">
<ele>98</ele>
<time>2026-01-23T02:17:59Z</time></trkpt>
<trkpt lat="50.136564" lon="8.770333">
<ele>98</ele>
<time>2026-01-23T02:18:12Z</time></trkpt>
<trkpt lat="50.136497" lon="8.770124">
<ele>98</ele>
<time>2026-01-23T02:18:27Z</time></trkpt>
<trkpt lat="50.136342" lon="8.769814">
<ele>98</ele>
<time>2026-01-23T02:18:53Z</time></trkpt>
<trkpt lat="50.13614" lon="8.769607">
<ele>98</ele>
<time>2026-01-23T02:19:18Z</time></trkpt>
<trkpt lat="50.13596" lon="8.769478">
<ele>98</ele>
<time>2026-01-23T02:19:38Z</time></trkpt>
<trkpt lat="50.135893" lon="8.76939">
<ele>98</ele>
<time>2026-01-23T02:19:47Z</time></trkpt>
<trkpt lat="50.135844" lon="8.769291">
<ele>98</ele>
<time>2026-01-23T02:19:55Z</time></trkpt>
<trkpt lat="50.135802" lon="8.768639">
<ele>98</ele>
<time>2026-01-23T02:20:38Z</time></trkpt>
<trkpt lat="50.135806" lon="8.768067">
<ele>98</ele>
<time>2026-01-23T02:21:16Z</time></trkpt>
<trkpt lat="50.135891" lon="8.766674">
<ele>98</ele>
<time>2026-01-23T02:22:46Z</time></trkpt>
<trkpt lat="50.135889" lon="8.766328">
<ele>98</ele>
<time>2026-01-23T02:23:08Z</time></trkpt>
<trkpt lat="50.135833" lon="8.764929">
<ele>98</ele>
<time>2026-01-23T02:24:38Z</time></trkpt>
<trkpt lat="50.135826" lon="8.763967">
<ele>98</ele>
<time>2026-01-23T02:25:40Z</time></trkpt>
<trkpt lat="50.135876" lon="8.76383">
<ele>98</ele>
<time>2026-01-23T02:25:50Z</time></trkpt>
<trkpt lat="50.135996" lon="8.763643">
<ele>98</ele>
<time>2026-01-23T02:26:07Z</time></trkpt>
<trkpt lat="50.138484" lon="8.760666">
<ele>98</ele>
<time>2026-01-23T02:31:21Z</time></trkpt>
<trkpt lat="50.14124" lon="8.757409">
<ele>98</ele>
<time>2026-01-23T02:37:08Z</time></trkpt>
<trkpt lat="50.143063" lon="8.755209">
<ele>99</ele>
<time>2026-01-23T02:41:03Z</time></trkpt>
<trkpt lat="50.143209" lon="8.754965">
<ele>99</ele>
<time>2026-01-23T02:41:25Z</time></trkpt>
<trkpt lat="50.144633" lon="8.752035">
<ele>99</ele>
<time>2026-01-23T02:45:23Z</time></trkpt>
<trkpt lat="50.144723" lon="8.751808">
<ele>99</ele>
<time>2026-01-23T02:45:40Z</time></trkpt>
<trkpt lat="50.144811" lon="8.75149">
<ele>100</ele>
<time>2026-01-23T02:46:03Z</time></trkpt>
<trkpt lat="50.144887" lon="8.751429">
<ele>100</ele>
<time>2026-01-23T02:46:11Z</time></trkpt>
<trkpt lat="50.144909" lon="8.751346">
<ele>100</ele>
<time>2026-01-23T02:46:17Z</time></trkpt>
<trkpt lat="50.144992" lon="8.75123">
<ele>100</ele>
<time>2026-01-23T02:46:28Z</time></trkpt>
<trkpt lat="50.146431" lon="8.748244">
<ele>99</ele>
<time>2026-01-23T02:50:35Z</time></trkpt>
<trkpt lat="50.148473" lon="8.744033">
<ele>110</ele>
<time>2026-01-23T02:57:48Z</time></trkpt>
<trkpt lat="50.149013" lon="8.742853">
<ele>121</ele>
<time>2026-01-23T03:00:23Z</time></trkpt>
<trkpt lat="50.149193" lon="8.742619">
<ele>123</ele>
<time>2026-01-23T03:01:02Z</time></trkpt>
<trkpt lat="50.149946" lon="8.742088">
<ele>132</ele>
<time>2026-01-23T03:03:19Z</time></trkpt>
<trkpt lat="50.15012" lon="8.742038">
<ele>133</ele>
<time>2026-01-23T03:03:44Z</time></trkpt>
<trkpt lat="50.150382" lon="8.742058">
<ele>134</ele>
<time>2026-01-23T03:04:19Z</time></trkpt>
<trkpt lat="50.150811" lon="8.742141">
<ele>137</ele>
<time>2026-01-23T03:05:17Z</time></trkpt>
<trkpt lat="50.150984" lon="8.742217">
<ele>139</ele>
<time>2026-01-23T03:05:40Z</time></trkpt>
<trkpt lat="50.151749" lon="8.742795">
<ele>143</ele>
<time>2026-01-23T03:07:34Z</time></trkpt>
<trkpt lat="50.152084" lon="8.743166">
<ele>145</ele>
<time>2026-01-23T03:08:28Z</time></trkpt>
<trkpt lat="50.152315" lon="8.743465">
<ele>146</ele>
<time>2026-01-23T03:09:08Z</time></trkpt>
<trkpt lat="50.15238" lon="8.743613">
<ele>146</ele>
<time>2026-01-23T03:09:24Z</time></trkpt>
<trkpt lat="50.152784" lon="8.745035">
<ele>149</ele>
<time>2026-01-23T03:11:39Z</time></trkpt>
<trkpt lat="50.15287" lon="8.745287">
<ele>151</ele>
<time>2026-01-23T03:12:04Z</time></trkpt>
<trkpt lat="50.152954" lon="8.745451">
<ele>153</ele>
<time>2026-01-23T03:12:22Z</time></trkpt>
<trkpt lat="50.153634" lon="8.746483">
<ele>162</ele>
<time>2026-01-23T03:14:33Z</time></trkpt>
<trkpt lat="50.153815" lon="8.746792">
<ele>163</ele>
<time>2026-01-23T03:15:10Z</time></trkpt>
<trkpt lat="50.15452" lon="8.748428">
<ele>164</ele>
<time>2026-01-23T03:18:03Z</time></trkpt>
<trkpt lat="50.154596" lon="8.748536">
<ele>164</ele>
<time>2026-01-23T03:18:14Z</time></trkpt>
<trkpt lat="50.154712" lon="8.748635">
<ele>164</ele>
<time>2026-01-23T03:18:28Z</time></trkpt>
<trkpt lat="50.1548" lon="8.748656">
<ele>164</ele>
<time>2026-01-23T03:18:38Z</time></trkpt>
<trkpt lat="50.154815" lon="8.748826">
<ele>164</ele>
<time>2026-01-23T03:18:49Z</time></trkpt>
<trkpt lat="50.154878" lon="8.749157">
<ele>163</ele>
<time>2026-01-23T03:19:13Z</time></trkpt>
<trkpt lat="50.154935" lon="8.749717">
<ele>162</ele>
<time>2026-01-23T03:19:52Z</time></trkpt>
<trkpt lat="50.155161" lon="8.751517">
<ele>164</ele>
<time>2026-01-23T03:21:57Z</time></trkpt>
<trkpt lat="50.155181" lon="8.751892">
<ele>164</ele>
<time>2026-01-23T03:22:23Z</time></trkpt>
<trkpt lat="50.155148" lon="8.752605">
<ele>166</ele>
<time>2026-01-23T03:23:12Z</time></trkpt>
<trkpt lat="50.15515" lon="8.752883">
<ele>167</ele>
<time>2026-01-23T03:23:31Z</time></trkpt>
<trkpt lat="50.155213" lon="8.753321">
<ele>168</ele>
<time>2026-01-23T03:24:03Z</time></trkpt>
<trkpt lat="50.155203" lon="8.753654">
<ele>169</ele>
<time>2026-01-23T03:24:29Z</time></trkpt>
<trkpt lat="50.155266" lon="8.754002">
<ele>170</ele>
<time>2026-01-23T03:24:56Z</time></trkpt>
<trkpt lat="50.155406" lon="8.754359">
<ele>172</ele>
<time>2026-01-23T03:25:27Z</time></trkpt>
<trkpt lat="50.15565" lon="8.75537">
<ele>175</ele>
<time>2026-01-23T03:26:49Z</time></trkpt>
<trkpt lat="50.155817" lon="8.756113">
<ele>176</ele>
<time>2026-01-23T03:27:48Z</time></trkpt>
<trkpt lat="50.155922" lon="8.756721">
<ele>176</ele>
<time>2026-01-23T03:28:36Z</time></trkpt>
<trkpt lat="50.156505" lon="8.759793">
<ele>176</ele>
<time>2026-01-23T03:32:18Z</time></trkpt>
<trkpt lat="50.156707" lon="8.761995">
<ele>175</ele>
<time>2026-01-23T03:34:44Z</time></trkpt>
<trkpt lat="50.156999" lon="8.765667">
<ele>180</ele>
<time>2026-01-23T03:38:55Z</time></trkpt>
<trkpt lat="50.157473" lon="8.76954">
<ele>178</ele>
<time>2026-01-23T03:43:16Z</time></trkpt>
<trkpt lat="50.157534" lon="8.769911">
<ele>178</ele>
<time>2026-01-23T03:43:40Z</time></trkpt>
<trkpt lat="50.157705" lon="8.770242">
<ele>179</ele>
<time>2026-01-23T03:44:07Z</time></trkpt>
<trkpt lat="50.157811" lon="8.770369">
<ele>180</ele>
<time>2026-01-23T03:44:20Z</time></trkpt>
<trkpt lat="50.158013" lon="8.770485">
<ele>181</ele>
<time>2026-01-23T03:44:41Z</time></trkpt>
<trkpt lat="50.157997" lon="8.771029">
<ele>180</ele>
<time>2026-01-23T03:45:15Z</time></trkpt>
<trkpt lat="50.158004" lon="8.771575">
<ele>179</ele>
<time>2026-01-23T03:45:50Z</time></trkpt>
<trkpt lat="50.158019" lon="8.771901">
<ele>178</ele>
<time>2026-01-23T03:46:11Z</time></trkpt>
<trkpt lat="50.158079" lon="8.772401">
<ele>177</ele>
<time>2026-01-23T03:46:43Z</time></trkpt>
<trkpt lat="50.158192" lon="8.772991">
<ele>176</ele>
<time>2026-01-23T03:47:21Z</time></trkpt>
<trkpt lat="50.158749" lon="8.775269">
<ele>175</ele>
<time>2026-01-23T03:49:51Z</time></trkpt>
<trkpt lat="50.158871" lon="8.775749">
<ele>175</ele>
<time>2026-01-23T03:50:23Z</time></trkpt>
<trkpt lat="50.159221" lon="8.777205">
<ele>172</ele>
<time>2026-01-23T03:51:59Z</time></trkpt>
<trkpt lat="50.159436" lon="8.778335">
<ele>170</ele>
<time>2026-01-23T03:53:10Z</time></trkpt>
<trkpt lat="50.159666" lon="8.77987">
<ele>166</ele>
<time>2026-01-23T03:54:44Z</time></trkpt>
<trkpt lat="50.159765" lon="8.780568">
<ele>165</ele>
<time>2026-01-23T03:55:27Z</time></trkpt>
<trkpt lat="50.159827" lon="8.781151">
<ele>165</ele>
<time>2026-01-23T03:56:02Z</time></trkpt>
<trkpt lat="50.159861" lon="8.781908">
<ele>163</ele>
<time>2026-01-23T03:56:48Z</time></trkpt>
<trkpt lat="50.159853" lon="8.782683">
<ele>161</ele>
<time>2026-01-23T03:57:33Z</time></trkpt>
<trkpt lat="50.159711" lon="8.786792">
<ele>152</ele>
<time>2026-01-23T04:01:33Z</time></trkpt>
<trkpt lat="50.159689" lon="8.787902">
<ele>150</ele>
<time>2026-01-23T04:02:40Z</time></trkpt>
<trkpt lat="50.159709" lon="8.788685">
<ele>149</ele>
<time>2026-01-23T04:03:28Z</time></trkpt>
<trkpt lat="50.159955" lon="8.791201">
<ele>146</ele>
<time>2026-01-23T04:06:04Z</time></trkpt>
<trkpt lat="50.159977" lon="8.791833">
<ele>145</ele>
<time>2026-01-23T04:06:43Z</time></trkpt>
<trkpt lat="50.159944" lon="8.792547">
<ele>144</ele>
<time>2026-01-23T04:07:25Z</time></trkpt>
<trkpt lat="50.159871" lon="8.793095">
<ele>143</ele>
<time>2026-01-23T04:07:57Z</time></trkpt>
<trkpt lat="50.158198" lon="8.800894">
<ele>118</ele>
<time>2026-01-23T04:15:49Z</time></trkpt>
<trkpt lat="50.157833" lon="8.802575">
<ele>117</ele>
<time>2026-01-23T04:17:34Z</time></trkpt>
<trkpt lat="50.157374" lon="8.804882">
<ele>114</ele>
<time>2026-01-23T04:20:01Z</time></trkpt>
<trkpt lat="50.157157" lon="8.806097">
<ele>111</ele>
<time>2026-01-23T04:21:18Z</time></trkpt>
<trkpt lat="50.157087" lon="8.806514">
<ele>110</ele>
<time>2026-01-23T04:21:44Z</time></trkpt>
<trkpt lat="50.156691" lon="8.808967">
<ele>113</ele>
<time>2026-01-23T04:24:58Z</time></trkpt>
<trkpt lat="50.156052" lon="8.813172">
<ele>121</ele>
<time>2026-01-23T04:30:07Z</time></trkpt>
<trkpt lat="50.155926" lon="8.813887">
<ele>121</ele>
<time>2026-01-23T04:30:54Z</time></trkpt>
<trkpt lat="50.155794" lon="8.814513">
<ele>121</ele>
<time>2026-01-23T04:31:36Z</time></trkpt>
<trkpt lat="50.155707" lon="8.814854">
<ele>121</ele>
<time>2026-01-23T04:32:00Z</time></trkpt>
<trkpt lat="50.155431" lon="8.815782">
<ele>119</ele>
<time>2026-01-23T04:33:05Z</time></trkpt>
<trkpt lat="50.155104" lon="8.816599">
<ele>116</ele>
<time>2026-01-23T04:34:03Z</time></trkpt>
<trkpt lat="50.154951" lon="8.816933">
<ele>115</ele>
<time>2026-01-23T04:34:26Z</time></trkpt>
<trkpt lat="50.154595" lon="8.81764">
<ele>113</ele>
<time>2026-01-23T04:35:18Z</time></trkpt>
<trkpt lat="50.153883" lon="8.818797">
<ele>106</ele>
<time>2026-01-23T04:36:49Z</time></trkpt>
<trkpt lat="50.15327" lon="8.819745">
<ele>103</ele>
<time>2026-01-23T04:38:06Z</time></trkpt>
<trkpt lat="50.152951" lon="8.820245">
<ele>104</ele>
<time>2026-01-23T04:38:58Z</time></trkpt>
<trkpt lat="50.153082" lon="8.820566">
<ele>105</ele>
<time>2026-01-23T04:39:32Z</time></trkpt>
<trkpt lat="50.153139" lon="8.820772">
<ele>107</ele>
<time>2026-01-23T04:39:52Z</time></trkpt>
<trkpt lat="50.15314" lon="8.82132">
<ele>111</ele>
<time>2026-01-23T04:40:42Z</time></trkpt>
<trkpt lat="50.153174" lon="8.821702">
<ele>113</ele>
<time>2026-01-23T04:41:16Z</time></trkpt>
<trkpt lat="50.15343" lon="8.823083">
<ele>119</ele>
<time>2026-01-23T04:43:25Z</time></trkpt>
<trkpt lat="50.153507" lon="8.82368">
<ele>120</ele>
<time>2026-01-23T04:44:20Z</time></trkpt>
<trkpt lat="50.153543" lon="8.824154">
<ele>121</ele>
<time>2026-01-23T04:45:02Z</time></trkpt>
<trkpt lat="50.153552" lon="8.824953">
<ele>121</ele>
<time>2026-01-23T04:46:09Z</time></trkpt>
<trkpt lat="50.153535" lon="8.825493">
<ele>122</ele>
<time>2026-01-23T04:46:43Z</time></trkpt>
<trkpt lat="50.153496" lon="8.825959">
<ele>122</ele>
<time>2026-01-23T04:47:13Z</time></trkpt>
<trkpt lat="50.153355" lon="8.82683">
<ele>121</ele>
<time>2026-01-23T04:48:09Z</time></trkpt>
<trkpt lat="50.153275" lon="8.826865">
<ele>121</ele>
<time>2026-01-23T04:48:18Z</time></trkpt>
<trkpt lat="50.153246" lon="8.826941">
<ele>121</ele>
<time>2026-01-23T04:48:23Z</time></trkpt>
<trkpt lat="50.153251" lon="8.827031">
<ele>121</ele>
<time>2026-01-23T04:48:29Z</time></trkpt>
<trkpt lat="50.15329" lon="8.827099">
<ele>121</ele>
<time>2026-01-23T04:48:35Z</time></trkpt>
<trkpt lat="50.153317" lon="8.827116">
<ele>121</ele>
<time>2026-01-23T04:48:38Z</time></trkpt>
<trkpt lat="50.153088" lon="8.82816">
<ele>119</ele>
<time>2026-01-23T04:49:47Z</time></trkpt>
<trkpt lat="50.152989" lon="8.82868">
<ele>119</ele>
<time>2026-01-23T04:50:22Z</time></trkpt>
<trkpt lat="50.152945" lon="8.829277">
<ele>119</ele>
<time>2026-01-23T04:51:00Z</time></trkpt>
<trkpt lat="50.152935" lon="8.830203">
<ele>119</ele>
<time>2026-01-23T04:51:58Z</time></trkpt>
<trkpt lat="50.152899" lon="8.830413">
<ele>118</ele>
<time>2026-01-23T04:52:12Z</time></trkpt>
<trkpt lat="50.152824" lon="8.830552">
<ele>118</ele>
<time>2026-01-23T04:52:23Z</time></trkpt>
<trkpt lat="50.152224" lon="8.831101">
<ele>117</ele>
<time>2026-01-23T04:53:32Z</time></trkpt>
<trkpt lat="50.152174" lon="8.831168">
<ele>117</ele>
<time>2026-01-23T04:53:39Z</time></trkpt>
<trkpt lat="50.152176" lon="8.831262">
<ele>117</ele>
<time>2026-01-23T04:53:45Z</time></trkpt>
<trkpt lat="50.152547" lon="8.832239">
<ele>116</ele>
<time>2026-01-23T04:54:56Z</time></trkpt>
<trkpt lat="50.152828" lon="8.833258">
<ele>116</ele>
<time>2026-01-23T04:56:06Z</time></trkpt>
<trkpt lat="50.152936" lon="8.833532">
<ele>117</ele>
<time>2026-01-23T04:56:27Z</time></trkpt>
<trkpt lat="50.153248" lon="8.834176">
<ele>118</ele>
<time>2026-01-23T04:57:20Z</time></trkpt>
<trkpt lat="50.153515" lon="8.834877">
<ele>119</ele>
<time>2026-01-23T04:58:15Z</time></trkpt>
<trkpt lat="50.153707" lon="8.835515">
<ele>121</ele>
<time>2026-01-23T04:59:02Z</time></trkpt>
<trkpt lat="50.15382" lon="8.836055">
<ele>123</ele>
<time>2026-01-23T04:59:40Z</time></trkpt>
<trkpt lat="50.153876" lon="8.836356">
<ele>122</ele>
<time>2026-01-23T05:00:01Z</time></trkpt>
<trkpt lat="50.153998" lon="8.837335">
<ele>120</ele>
<time>2026-01-23T05:01:08Z</time></trkpt>
<trkpt lat="50.153984" lon="8.837545">
<ele>119</ele>
<time>2026-01-23T05:01:22Z</time></trkpt>
<trkpt lat="50.154027" lon="8.837592">
<ele>119</ele>
<time>2026-01-23T05:01:28Z</time></trkpt>
<trkpt lat="50.154228" lon="8.838188">
<ele>119</ele>
<time>2026-01-23T05:02:13Z</time></trkpt>
<trkpt lat="50.154909" lon="8.839723">
<ele>116</ele>
<time>2026-01-23T05:04:07Z</time></trkpt>
<trkpt lat="50.155886" lon="8.842127">
<ele>112</ele>
<time>2026-01-23T05:07:00Z</time></trkpt>
<trkpt lat="50.156208" lon="8.843272">
<ele>111</ele>
<time>2026-01-23T05:08:18Z</time></trkpt>
<trkpt lat="50.156435" lon="8.844106">
<ele>111</ele>
<time>2026-01-23T05:09:16Z</time></trkpt>
<trkpt lat="50.156425" lon="8.844294">
<ele>111</ele>
<time>2026-01-23T05:09:28Z</time></trkpt>
<trkpt lat="50.156285" lon="8.844685">
<ele>110</ele>
<time>2026-01-23T05:09:57Z</time></trkpt>
<trkpt lat="50.156491" lon="8.844899">
<ele>110</ele>
<time>2026-01-23T05:10:21Z</time></trkpt>
<trkpt lat="50.156608" lon="8.845064">
<ele>111</ele>
<time>2026-01-23T05:10:37Z</time></trkpt>
<trkpt lat="50.156722" lon="8.845268">
<ele>110</ele>
<time>2026-01-23T05:10:54Z</time></trkpt>
<trkpt lat="50.156842" lon="8.84556">
<ele>111</ele>
<time>2026-01-23T05:11:16Z</time></trkpt>
<trkpt lat="50.157046" lon="8.846155">
<ele>110</ele>
<time>2026-01-23T05:11:59Z</time></trkpt>
<trkpt lat="50.157259" lon="8.846829">
<ele>110</ele>
<time>2026-01-23T05:12:47Z</time></trkpt>
<trkpt lat="50.157446" lon="8.847321">
<ele>111</ele>
<time>2026-01-23T05:13:23Z</time></trkpt>
<trkpt lat="50.157596" lon="8.847666">
<ele>110</ele>
<time>2026-01-23T05:13:50Z</time></trkpt>
<trkpt lat="50.157847" lon="8.848169">
<ele>110</ele>
<time>2026-01-23T05:14:30Z</time></trkpt>
<trkpt lat="50.158795" lon="8.849819">
<ele>109</ele>
<time>2026-01-23T05:16:50Z</time></trkpt>
<trkpt lat="50.159547" lon="8.851192">
<ele>109</ele>
<time>2026-01-23T05:18:46Z</time></trkpt>
<trkpt lat="50.160135" lon="8.85214">
<ele>109</ele>
<time>2026-01-23T05:20:12Z</time></trkpt>
<trkpt lat="50.160753" lon="8.853043">
<ele>110</ele>
<time>2026-01-23T05:21:39Z</time></trkpt>
<trkpt lat="50.161259" lon="8.853707">
<ele>110</ele>
<time>2026-01-23T05:22:47Z</time></trkpt>
<trkpt lat="50.161744" lon="8.854297">
<ele>110</ele>
<time>2026-01-23T05:23:53Z</time></trkpt>
<trkpt lat="50.162031" lon="8.85463">
<ele>110</ele>
<time>2026-01-23T05:24:36Z</time></trkpt>
<trkpt lat="50.162103" lon="8.854833">
<ele>110</ele>
<time>2026-01-23T05:24:54Z</time></trkpt>
<trkpt lat="50.162113" lon="8.855039">
<ele>110</ele>
<time>2026-01-23T05:25:09Z</time></trkpt>
<trkpt lat="50.165345" lon="8.854709">
<ele>123</ele>
<time>2026-01-23T05:31:26Z</time></trkpt>
<trkpt lat="50.165972" lon="8.854711">
<ele>123</ele>
<time>2026-01-23T05:32:31Z</time></trkpt>
<trkpt lat="50.166646" lon="8.854747">
<ele>123</ele>
<time>2026-01-23T05:33:42Z</time></trkpt>
<trkpt lat="50.16682" lon="8.85476">
<ele>123</ele>
<time>2026-01-23T05:34:00Z</time></trkpt>
<trkpt lat="50.167439" lon="8.856606">
<ele>120</ele>
<time>2026-01-23T05:36:18Z</time></trkpt>
<trkpt lat="50.167762" lon="8.857306">
<ele>120</ele>
<time>2026-01-23T05:37:13Z</time></trkpt>
<trkpt lat="50.167851" lon="8.857567">
<ele>119</ele>
<time>2026-01-23T05:37:32Z</time></trkpt>
<trkpt lat="50.167977" lon="8.858141">
<ele>119</ele>
<time>2026-01-23T05:38:11Z</time></trkpt>
<trkpt lat="50.168131" lon="8.858533">
<ele>118</ele>
<time>2026-01-23T05:38:40Z</time></trkpt>
<trkpt lat="50.168317" lon="8.858895">
<ele>119</ele>
<time>2026-01-23T05:39:10Z</time></trkpt>
<trkpt lat="50.168372" lon="8.858962">
<ele>119</ele>
<time>2026-01-23T05:39:17Z</time></trkpt>
<trkpt lat="50.168471" lon="8.859041">
<ele>119</ele>
<time>2026-01-23T05:39:28Z</time></trkpt>
<trkpt lat="50.168527" lon="8.859134">
<ele>120</ele>
<time>2026-01-23T05:39:37Z</time></trkpt>
<trkpt lat="50.168868" lon="8.85998">
<ele>121</ele>
<time>2026-01-23T05:40:41Z</time></trkpt>
<trkpt lat="50.169031" lon="8.860523">
<ele>122</ele>
<time>2026-01-23T05:41:18Z</time></trkpt>
<trkpt lat="50.169045" lon="8.860649">
<ele>122</ele>
<time>2026-01-23T05:41:26Z</time></trkpt>
<trkpt lat="50.168938" lon="8.861481">
<ele>120</ele>
<time>2026-01-23T05:42:17Z</time></trkpt>
<trkpt lat="50.168762" lon="8.86291">
<ele>116</ele>
<time>2026-01-23T05:43:45Z</time></trkpt>
<trkpt lat="50.168709" lon="8.863514">
<ele>114</ele>
<time>2026-01-23T05:44:22Z</time></trkpt>
<trkpt lat="50.168719" lon="8.863757">
<ele>114</ele>
<time>2026-01-23T05:44:36Z</time></trkpt>
<trkpt lat="50.168811" lon="8.864029">
<ele>114</ele>
<time>2026-01-23T05:44:55Z</time></trkpt>
<trkpt lat="50.16906" lon="8.864661">
<ele>113</ele>
<time>2026-01-23T05:45:40Z</time></trkpt>
<trkpt lat="50.170229" lon="8.867556">
<ele>114</ele>
<time>2026-01-23T05:49:22Z</time></trkpt>
<trkpt lat="50.171321" lon="8.870088">
<ele>114</ele>
<time>2026-01-23T05:52:40Z</time></trkpt>
<trkpt lat="50.171523" lon="8.8706">
<ele>114</ele>
<time>2026-01-23T05:53:19Z</time></trkpt>
<trkpt lat="50.171956" lon="8.871877">
<ele>114</ele>
<time>2026-01-23T05:54:52Z</time></trkpt>
<trkpt lat="50.172027" lon="8.87214">
<ele>114</ele>
<time>2026-01-23T05:55:10Z</time></trkpt>
<trkpt lat="50.17223" lon="8.873177">
<ele>114</ele>
<time>2026-01-23T05:56:20Z</time></trkpt>
<trkpt lat="50.172363" lon="8.873908">
<ele>114</ele>
<time>2026-01-23T05:57:08Z</time></trkpt>
<trkpt lat="50.172436" lon="8.874288">
<ele>114</ele>
<time>2026-01-23T05:57:34Z</time></trkpt>
<trkpt lat="50.172527" lon="8.874637">
<ele>113</ele>
<time>2026-01-23T05:57:58Z</time></trkpt>
<trkpt lat="50.173219" lon="8.876808">
<ele>113</ele>
<time>2026-01-23T06:00:32Z</time></trkpt>
<trkpt lat="50.173438" lon="8.877552">
<ele>113</ele>
<time>2026-01-23T06:01:24Z</time></trkpt>
<trkpt lat="50.173938" lon="8.879415">
<ele>113</ele>
<time>2026-01-23T06:03:35Z</time></trkpt>
<trkpt lat="50.174059" lon="8.879905">
<ele>113</ele>
<time>2026-01-23T06:04:09Z</time></trkpt>
<trkpt lat="50.17411" lon="8.88021">
<ele>113</ele>
<time>2026-01-23T06:04:30Z</time></trkpt>
<trkpt lat="50.17405" lon="8.880289">
<ele>113</ele>
<time>2026-01-23T06:04:38Z</time></trkpt>
<trkpt lat="50.174028" lon="8.880405">
<ele>113</ele>
<time>2026-01-23T06:04:46Z</time></trkpt>
<trkpt lat="50.174039" lon="8.880487">
<ele>113</ele>
<time>2026-01-23T06:04:51Z</time></trkpt>
<trkpt lat="50.174068" lon="8.880557">
<ele>113</ele>
<time>2026-01-23T06:04:57Z</time></trkpt>
<trkpt lat="50.174124" lon="8.880609">
<ele>113</ele>
<time>2026-01-23T06:05:04Z</time></trkpt>
<trkpt lat="50.174221" lon="8.8806">
<ele>113</ele>
<time>2026-01-23T06:05:14Z</time></trkpt>
<trkpt lat="50.174446" lon="8.881459">
<ele>114</ele>
<time>2026-01-23T06:06:14Z</time></trkpt>
<trkpt lat="50.174984" lon="8.882882">
<ele>114</ele>
<time>2026-01-23T06:08:03Z</time></trkpt>
<trkpt lat="50.175278" lon="8.883587">
<ele>114</ele>
<time>2026-01-23T06:08:58Z</time></trkpt>
<trkpt lat="50.176589" lon="8.88602">
<ele>115</ele>
<time>2026-01-23T06:12:26Z</time></trkpt>
<trkpt lat="50.176909" lon="8.886722">
<ele>115</ele>
<time>2026-01-23T06:13:23Z</time></trkpt>
<trkpt lat="50.177415" lon="8.887934">
<ele>115</ele>
<time>2026-01-23T06:14:55Z</time></trkpt>
<trkpt lat="50.177582" lon="8.888291">
<ele>115</ele>
<time>2026-01-23T06:15:23Z</time></trkpt>
<trkpt lat="50.177677" lon="8.888454">
<ele>115</ele>
<time>2026-01-23T06:15:37Z</time></trkpt>
<trkpt lat="50.177742" lon="8.888582">
<ele>115</ele>
<time>2026-01-23T06:15:48Z</time></trkpt>
<trkpt lat="50.178269" lon="8.890192">
<ele>115</ele>
<time>2026-01-23T06:17:43Z</time></trkpt>
<trkpt lat="50.178281" lon="8.890298">
<ele>115</ele>
<time>2026-01-23T06:17:50Z</time></trkpt>
<trkpt lat="50.178174" lon="8.891271">
<ele>114</ele>
<time>2026-01-23T06:18:53Z</time></trkpt>
<trkpt lat="50.178131" lon="8.891528">
<ele>114</ele>
<time>2026-01-23T06:19:11Z</time></trkpt>
<trkpt lat="50.178013" lon="8.891974">
<ele>114</ele>
<time>2026-01-23T06:19:43Z</time></trkpt>
<trkpt lat="50.177979" lon="8.892152">
<ele>114</ele>
<time>2026-01-23T06:19:55Z</time></trkpt>
<trkpt lat="50.177996" lon="8.892342">
<ele>114</ele>
<time>2026-01-23T06:20:08Z</time></trkpt>
<trkpt lat="50.178988" lon="8.894588">
<ele>116</ele>
<time>2026-01-23T06:23:11Z</time></trkpt>
<trkpt lat="50.179115" lon="8.894926">
<ele>116</ele>
<time>2026-01-23T06:23:37Z</time></trkpt>
<trkpt lat="50.179277" lon="8.895428">
<ele>116</ele>
<time>2026-01-23T06:24:15Z</time></trkpt>
<trkpt lat="50.17938" lon="8.895886">
<ele>116</ele>
<time>2026-01-23T06:24:46Z</time></trkpt>
<trkpt lat="50.179469" lon="8.896382">
<ele>116</ele>
<time>2026-01-23T06:25:19Z</time></trkpt>
<trkpt lat="50.179547" lon="8.897035">
<ele>115</ele>
<time>2026-01-23T06:26:01Z</time></trkpt>
<trkpt lat="50.179604" lon="8.897681">
<ele>115</ele>
<time>2026-01-23T06:26:42Z</time></trkpt>
<trkpt lat="50.179757" lon="8.899239">
<ele>114</ele>
<time>2026-01-23T06:28:21Z</time></trkpt>
<trkpt lat="50.179989" lon="8.900641">
<ele>114</ele>
<time>2026-01-23T06:29:53Z</time></trkpt>
<trkpt lat="50.180096" lon="8.901478">
<ele>114</ele>
<time>2026-01-23T06:30:48Z</time></trkpt>
<trkpt lat="50.180121" lon="8.901948">
<ele>114</ele>
<time>2026-01-23T06:31:18Z</time></trkpt>
<trkpt lat="50.180135" lon="8.902873">
<ele>114</ele>
<time>2026-01-23T06:32:18Z</time></trkpt>
<trkpt lat="50.18013" lon="8.903907">
<ele>114</ele>
<time>2026-01-23T06:33:24Z</time></trkpt>
<trkpt lat="50.180124" lon="8.904205">
<ele>114</ele>
<time>2026-01-23T06:33:43Z</time></trkpt>
<trkpt lat="50.1801274" lon="8.9048266">
<ele>114</ele>
<time>2026-01-23T06:34:23Z</time></trkpt>
<trkpt lat="50.1803197" lon="8.905127">
<ele>114</ele>
<time>2026-01-23T06:34:50Z</time></trkpt>
<trkpt lat="50.1807045" lon="8.9054704">
<ele>114</ele>
<time>2026-01-23T06:35:41Z</time></trkpt>
<trkpt lat="50.1808831" lon="8.9060283">
<ele>114</ele>
<time>2026-01-23T06:36:32Z</time></trkpt>
<trkpt lat="50.1812678" lon="8.906908">
<ele>116</ele>
<time>2026-01-23T06:37:58Z</time></trkpt>
<trkpt lat="50.181272" lon="8.906847">
<ele>116</ele>
<time>2026-01-23T06:38:03Z</time></trkpt>
<trkpt lat="50.182601" lon="8.907174">
<ele>124</ele>
<time>2026-01-23T06:40:54Z</time></trkpt>
<trkpt lat="50.183279" lon="8.907446">
<ele>127</ele>
<time>2026-01-23T06:42:23Z</time></trkpt>
<trkpt lat="50.184644" lon="8.908096">
<ele>134</ele>
<time>2026-01-23T06:45:27Z</time></trkpt>
<trkpt lat="50.18511" lon="8.908294">
<ele>136</ele>
<time>2026-01-23T06:46:29Z</time></trkpt>
<trkpt lat="50.185581" lon="8.908442">
<ele>137</ele>
<time>2026-01-23T06:47:31Z</time></trkpt>
<trkpt lat="50.185917" lon="8.908519">
<ele>138</ele>
<time>2026-01-23T06:48:15Z</time></trkpt>
<trkpt lat="50.18626" lon="8.90856">
<ele>140</ele>
<time>2026-01-23T06:48:58Z</time></trkpt>
<trkpt lat="50.186888" lon="8.908546">
<ele>142</ele>
<time>2026-01-23T06:50:07Z</time></trkpt>
<trkpt lat="50.187266" lon="8.908484">
<ele>143</ele>
<time>2026-01-23T06:50:48Z</time></trkpt>
<trkpt lat="50.187536" lon="8.908414">
<ele>144</ele>
<time>2026-01-23T06:51:18Z</time></trkpt>
<trkpt lat="50.188035" lon="8.908225">
<ele>144</ele>
<time>2026-01-23T06:52:14Z</time></trkpt>
<trkpt lat="50.188454" lon="8.908005">
<ele>145</ele>
<time>2026-01-23T06:53:02Z</time></trkpt>
<trkpt lat="50.189" lon="8.907616">
<ele>145</ele>
<time>2026-01-23T06:54:08Z</time></trkpt>
<trkpt lat="50.189493" lon="8.907164">
<ele>143</ele>
<time>2026-01-23T06:55:08Z</time></trkpt>
<trkpt lat="50.18993" lon="8.906659">
<ele>141</ele>
<time>2026-01-23T06:56:02Z</time></trkpt>
<trkpt lat="50.190139" lon="8.906373">
<ele>140</ele>
<time>2026-01-23T06:56:30Z</time></trkpt>
<trkpt lat="50.190458" lon="8.905887">
<ele>140</ele>
<time>2026-01-23T06:57:14Z</time></trkpt>
<trkpt lat="50.191344" lon="8.904256">
<ele>140</ele>
<time>2026-01-23T06:59:30Z</time></trkpt>
<trkpt lat="50.191712" lon="8.903649">
<ele>142</ele>
<time>2026-01-23T07:00:25Z</time></trkpt>
<trkpt lat="50.192174" lon="8.903022">
<ele>144</ele>
<time>2026-01-23T07:01:33Z</time></trkpt>
<trkpt lat="50.192577" lon="8.902583">
<ele>146</ele>
<time>2026-01-23T07:02:28Z</time></trkpt>
<trkpt lat="50.192986" lon="8.902227">
<ele>147</ele>
<time>2026-01-23T07:03:20Z</time></trkpt>
<trkpt lat="50.193264" lon="8.902015">
<ele>147</ele>
<time>2026-01-23T07:03:54Z</time></trkpt>
<trkpt lat="50.193685" lon="8.901754">
<ele>147</ele>
<time>2026-01-23T07:04:44Z</time></trkpt>
<trkpt lat="50.194381" lon="8.901458">
<ele>147</ele>
<time>2026-01-23T07:06:05Z</time></trkpt>
<trkpt lat="50.195011" lon="8.901319">
<ele>147</ele>
<time>2026-01-23T07:07:04Z</time></trkpt>
<trkpt lat="50.195452" lon="8.901292">
<ele>146</ele>
<time>2026-01-23T07:07:44Z</time></trkpt>
<trkpt lat="50.195903" lon="8.901319">
<ele>145</ele>
<time>2026-01-23T07:08:26Z</time></trkpt>
<trkpt lat="50.196278" lon="8.901383">
<ele>143</ele>
<time>2026-01-23T07:09:00Z</time></trkpt>
<trkpt lat="50.197033" lon="8.901636">
<ele>138</ele>
<time>2026-01-23T07:10:11Z</time></trkpt>
<trkpt lat="50.197554" lon="8.901888">
<ele>136</ele>
<time>2026-01-23T07:11:01Z</time></trkpt>
<trkpt lat="50.198001" lon="8.902146">
<ele>137</ele>
<time>2026-01-23T07:11:58Z</time></trkpt>
<trkpt lat="50.199713" lon="8.903273">
<ele>142</ele>
<time>2026-01-23T07:15:46Z</time></trkpt>
<trkpt lat="50.200555" lon="8.903768">
<ele>146</ele>
<time>2026-01-23T07:17:35Z</time></trkpt>
<trkpt lat="50.201292" lon="8.904097">
<ele>148</ele>
<time>2026-01-23T07:18:49Z</time></trkpt>
<trkpt lat="50.201584" lon="8.904197">
<ele>148</ele>
<time>2026-01-23T07:19:17Z</time></trkpt>
<trkpt lat="50.202052" lon="8.9043">
<ele>148</ele>
<time>2026-01-23T07:20:01Z</time></trkpt>
<trkpt lat="50.202636" lon="8.904339">
<ele>147</ele>
<time>2026-01-23T07:20:56Z</time></trkpt>
<trkpt lat="50.202847" lon="8.904325">
<ele>145</ele>
<time>2026-01-23T07:21:16Z</time></trkpt>
<trkpt lat="50.20325" lon="8.904246">
<ele>142</ele>
<time>2026-01-23T07:21:55Z</time></trkpt>
<trkpt lat="50.203615" lon="8.904127">
<ele>139</ele>
<time>2026-01-23T07:22:30Z</time></trkpt>
<trkpt lat="50.204042" lon="8.903937">
<ele>137</ele>
<time>2026-01-23T07:23:14Z</time></trkpt>
<trkpt lat="50.204213" lon="8.90383">
<ele>136</ele>
<time>2026-01-23T07:23:34Z</time></trkpt>
<trkpt lat="50.204514" lon="8.903631">
<ele>135</ele>
<time>2026-01-23T07:24:08Z</time></trkpt>
<trkpt lat="50.204798" lon="8.903373">
<ele>135</ele>
<time>2026-01-23T07:24:42Z</time></trkpt>
<trkpt lat="50.205123" lon="8.903064">
<ele>136</ele>
<time>2026-01-23T07:25:22Z</time></trkpt>
<trkpt lat="50.205469" lon="8.902644">
<ele>137</ele>
<time>2026-01-23T07:26:08Z</time></trkpt>
<trkpt lat="50.206002" lon="8.901846">
<ele>139</ele>
<time>2026-01-23T07:27:25Z</time></trkpt>
<trkpt lat="50.207415" lon="8.899309">
<ele>141</ele>
<time>2026-01-23T07:31:17Z</time></trkpt>
<trkpt lat="50.208816" lon="8.896929">
<ele>145</ele>
<time>2026-01-23T07:35:11Z</time></trkpt>
<trkpt lat="50.20914" lon="8.896404">
<ele>148</ele>
<time>2026-01-23T07:36:12Z</time></trkpt>
<trkpt lat="50.209342" lon="8.896121">
<ele>150</ele>
<time>2026-01-23T07:36:46Z</time></trkpt>
<trkpt lat="50.20968" lon="8.895688">
<ele>153</ele>
<time>2026-01-23T07:37:43Z</time></trkpt>
<trkpt lat="50.210525" lon="8.89474">
<ele>156</ele>
<time>2026-01-23T07:39:57Z</time></trkpt>
<trkpt lat="50.211042" lon="8.89411">
<ele>157</ele>
<time>2026-01-23T07:41:22Z</time></trkpt>
<trkpt lat="50.211489" lon="8.893467">
<ele>157</ele>
<time>2026-01-23T07:42:49Z</time></trkpt>
<trkpt lat="50.212515" lon="8.891878">
<ele>167</ele>
<time>2026-01-23T07:46:14Z</time></trkpt>
<trkpt lat="50.213281" lon="8.890717">
<ele>176</ele>
<time>2026-01-23T07:48:45Z</time></trkpt>
<trkpt lat="50.214399" lon="8.88917">
<ele>171</ele>
<time>2026-01-23T07:51:03Z</time></trkpt>
<trkpt lat="50.214768" lon="8.8886">
<ele>168</ele>
<time>2026-01-23T07:51:49Z</time></trkpt>
<trkpt lat="50.214988" lon="8.88819">
<ele>166</ele>
<time>2026-01-23T07:52:20Z</time></trkpt>
<trkpt lat="50.215268" lon="8.88756">
<ele>163</ele>
<time>2026-01-23T07:53:05Z</time></trkpt>
<trkpt lat="50.21541" lon="8.887176">
<ele>163</ele>
<time>2026-01-23T07:53:30Z</time></trkpt>
<trkpt lat="50.215537" lon="8.886775">
<ele>163</ele>
<time>2026-01-23T07:53:59Z</time></trkpt>
<trkpt lat="50.215704" lon="8.886133">
<ele>165</ele>
<time>2026-01-23T07:54:47Z</time></trkpt>
<trkpt lat="50.215831" lon="8.885436">
<ele>165</ele>
<time>2026-01-23T07:55:38Z</time></trkpt>
<trkpt lat="50.21591" lon="8.88475">
<ele>166</ele>
<time>2026-01-23T07:56:26Z</time></trkpt>
<trkpt lat="50.215947" lon="8.884085">
<ele>167</ele>
<time>2026-01-23T07:57:13Z</time></trkpt>
<trkpt lat="50.215936" lon="8.883228">
<ele>167</ele>
<time>2026-01-23T07:58:13Z</time></trkpt>
<trkpt lat="50.215902" lon="8.882775">
<ele>167</ele>
<time>2026-01-23T07:58:44Z</time></trkpt>
<trkpt lat="50.215845" lon="8.88229">
<ele>167</ele>
<time>2026-01-23T07:59:19Z</time></trkpt>
<trkpt lat="50.215762" lon="8.881784">
<ele>167</ele>
<time>2026-01-23T07:59:50Z</time></trkpt>
<trkpt lat="50.215494" lon="8.880368">
<ele>164</ele>
<time>2026-01-23T08:01:02Z</time></trkpt>
<trkpt lat="50.21541" lon="8.879753">
<ele>161</ele>
<time>2026-01-23T08:01:33Z</time></trkpt>
<trkpt lat="50.215342" lon="8.878891">
<ele>156</ele>
<time>2026-01-23T08:02:16Z</time></trkpt>
<trkpt lat="50.215329" lon="8.878323">
<ele>150</ele>
<time>2026-01-23T08:02:44Z</time></trkpt>
<trkpt lat="50.215338" lon="8.877829">
<ele>144</ele>
<time>2026-01-23T08:03:08Z</time></trkpt>
<trkpt lat="50.215384" lon="8.877124">
<ele>137</ele>
<time>2026-01-23T08:03:43Z</time></trkpt>
<trkpt lat="50.215469" lon="8.876428">
<ele>131</ele>
<time>2026-01-23T08:04:27Z</time></trkpt>
<trkpt lat="50.215592" lon="8.875746">
<ele>132</ele>
<time>2026-01-23T08:05:12Z</time></trkpt>
<trkpt lat="50.215754" lon="8.875084">
<ele>138</ele>
<time>2026-01-23T08:05:57Z</time></trkpt>
<trkpt lat="50.216004" lon="8.874266">
<ele>144</ele>
<time>2026-01-23T08:06:55Z</time></trkpt>
<trkpt lat="50.216425" lon="8.873076">
<ele>141</ele>
<time>2026-01-23T08:08:22Z</time></trkpt>
<trkpt lat="50.216759" lon="8.872255">
<ele>133</ele>
<time>2026-01-23T08:09:21Z</time></trkpt>
<trkpt lat="50.217313" lon="8.871011">
<ele>123</ele>
<time>2026-01-23T08:10:43Z</time></trkpt>
<trkpt lat="50.217537" lon="8.870542">
<ele>121</ele>
<time>2026-01-23T08:11:15Z</time></trkpt>
<trkpt lat="50.217997" lon="8.869644">
<ele>117</ele>
<time>2026-01-23T08:12:18Z</time></trkpt>
<trkpt lat="50.218443" lon="8.868836">
<ele>116</ele>
<time>2026-01-23T08:13:16Z</time></trkpt>
<trkpt lat="50.218999" lon="8.867915">
<ele>114</ele>
<time>2026-01-23T08:14:36Z</time></trkpt>
<trkpt lat="50.219473" lon="8.8672">
<ele>112</ele>
<time>2026-01-23T08:15:46Z</time></trkpt>
<trkpt lat="50.220135" lon="8.866263">
<ele>113</ele>
<time>2026-01-23T08:17:22Z</time></trkpt>
<trkpt lat="50.220485" lon="8.865804">
<ele>115</ele>
<time>2026-01-23T08:18:11Z</time></trkpt>
<trkpt lat="50.221209" lon="8.864933">
<ele>119</ele>
<time>2026-01-23T08:19:50Z</time></trkpt>
<trkpt lat="50.221962" lon="8.864125">
<ele>121</ele>
<time>2026-01-23T08:21:36Z</time></trkpt>
<trkpt lat="50.222295" lon="8.863776">
<ele>122</ele>
<time>2026-01-23T08:22:22Z</time></trkpt>
<trkpt lat="50.224222" lon="8.861926">
<ele>126</ele>
<time>2026-01-23T08:26:35Z</time></trkpt>
<trkpt lat="50.228734" lon="8.857683">
<ele>124</ele>
<time>2026-01-23T08:35:21Z</time></trkpt>
<trkpt lat="50.229818" lon="8.85665">
<ele>125</ele>
<time>2026-01-23T08:37:30Z</time></trkpt>
<trkpt lat="50.230342" lon="8.856155">
<ele>125</ele>
<time>2026-01-23T08:38:34Z</time></trkpt>
<trkpt lat="50.231572" lon="8.855019">
<ele>126</ele>
<time>2026-01-23T08:41:03Z</time></trkpt>
<trkpt lat="50.231994" lon="8.854676">
<ele>126</ele>
<time>2026-01-23T08:41:53Z</time></trkpt>
<trkpt lat="50.232429" lon="8.854379">
<ele>127</ele>
<time>2026-01-23T08:42:44Z</time></trkpt>
<trkpt lat="50.232877" lon="8.85413">
<ele>127</ele>
<time>2026-01-23T08:43:36Z</time></trkpt>
<trkpt lat="50.233567" lon="8.853849">
<ele>127</ele>
<time>2026-01-23T08:44:54Z</time></trkpt>
<trkpt lat="50.234054" lon="8.853726">
<ele>128</ele>
<time>2026-01-23T08:45:48Z</time></trkpt>
<trkpt lat="50.234735" lon="8.85367">
<ele>129</ele>
<time>2026-01-23T08:47:02Z</time></trkpt>
<trkpt lat="50.235006" lon="8.853671">
<ele>129</ele>
<time>2026-01-23T08:47:32Z</time></trkpt>
<trkpt lat="50.235219" lon="8.853683">
<ele>130</ele>
<time>2026-01-23T08:47:55Z</time></trkpt>
<trkpt lat="50.235888" lon="8.853792">
<ele>131</ele>
<time>2026-01-23T08:49:11Z</time></trkpt>
<trkpt lat="50.237046" lon="8.854088">
<ele>133</ele>
<time>2026-01-23T08:51:24Z</time></trkpt>
<trkpt lat="50.237438" lon="8.854171">
<ele>134</ele>
<time>2026-01-23T08:52:09Z</time></trkpt>
<trkpt lat="50.241072" lon="8.855063">
<ele>143</ele>
<time>2026-01-23T08:59:18Z</time></trkpt>
<trkpt lat="50.241699" lon="8.855236">
<ele>144</ele>
<time>2026-01-23T09:00:32Z</time></trkpt>
<trkpt lat="50.242179" lon="8.855421">
<ele>146</ele>
<time>2026-01-23T09:01:20Z</time></trkpt>
<trkpt lat="50.242552" lon="8.855605">
<ele>146</ele>
<time>2026-01-23T09:01:58Z</time></trkpt>
<trkpt lat="50.24276" lon="8.855735">
<ele>147</ele>
<time>2026-01-23T09:02:19Z</time></trkpt>
<trkpt lat="50.243004" lon="8.855899">
<ele>146</ele>
<time>2026-01-23T09:02:45Z</time></trkpt>
<trkpt lat="50.243107" lon="8.855979">
<ele>146</ele>
<time>2026-01-23T09:02:56Z</time></trkpt>
<trkpt lat="50.243567" lon="8.856376">
<ele>144</ele>
<time>2026-01-23T09:03:47Z</time></trkpt>
<trkpt lat="50.243756" lon="8.856558">
<ele>144</ele>
<time>2026-01-23T09:04:09Z</time></trkpt>
<trkpt lat="50.244008" lon="8.856846">
<ele>143</ele>
<time>2026-01-23T09:04:39Z</time></trkpt>
<trkpt lat="50.244344" lon="8.857255">
<ele>141</ele>
<time>2026-01-23T09:05:21Z</time></trkpt>
<trkpt lat="50.24473" lon="8.857842">
<ele>139</ele>
<time>2026-01-23T09:06:11Z</time></trkpt>
<trkpt lat="50.245116" lon="8.858543">
<ele>138</ele>
<time>2026-01-23T09:07:05Z</time></trkpt>
<trkpt lat="50.245406" lon="8.859177">
<ele>136</ele>
<time>2026-01-23T09:07:51Z</time></trkpt>
<trkpt lat="50.245544" lon="8.859532">
<ele>135</ele>
<time>2026-01-23T09:08:16Z</time></trkpt>
<trkpt lat="50.245808" lon="8.860295">
<ele>132</ele>
<time>2026-01-23T09:09:07Z</time></trkpt>
<trkpt lat="50.245965" lon="8.860895">
<ele>131</ele>
<time>2026-01-23T09:09:45Z</time></trkpt>
<trkpt lat="50.246084" lon="8.861459">
<ele>130</ele>
<time>2026-01-23T09:10:20Z</time></trkpt>
<trkpt lat="50.246249" lon="8.862529">
<ele>128</ele>
<time>2026-01-23T09:11:28Z</time></trkpt>
<trkpt lat="50.246296" lon="8.863092">
<ele>127</ele>
<time>2026-01-23T09:12:04Z</time></trkpt>
<trkpt lat="50.246324" lon="8.863645">
<ele>127</ele>
<time>2026-01-23T09:12:39Z</time></trkpt>
<trkpt lat="50.246324" lon="8.864444">
<ele>127</ele>
<time>2026-01-23T09:13:29Z</time></trkpt>
<trkpt lat="50.246305" lon="8.864988">
<ele>127</ele>
<time>2026-01-23T09:14:03Z</time></trkpt>
<trkpt lat="50.246254" lon="8.865637">
<ele>127</ele>
<time>2026-01-23T09:14:45Z</time></trkpt>
<trkpt lat="50.246222" lon="8.865911">
<ele>127</ele>
<time>2026-01-23T09:15:02Z</time></trkpt>
<trkpt lat="50.246056" lon="8.867124">
<ele>127</ele>
<time>2026-01-23T09:16:20Z</time></trkpt>
<trkpt lat="50.245442" lon="8.870551">
<ele>125</ele>
<time>2026-01-23T09:20:03Z</time></trkpt>
<trkpt lat="50.245351" lon="8.871404">
<ele>124</ele>
<time>2026-01-23T09:20:57Z</time></trkpt>
<trkpt lat="50.245329" lon="8.871835">
<ele>124</ele>
<time>2026-01-23T09:21:26Z</time></trkpt>
<trkpt lat="50.245328" lon="8.872612">
<ele>124</ele>
<time>2026-01-23T09:22:21Z</time></trkpt>
<trkpt lat="50.245347" lon="8.872975">
<ele>124</ele>
<time>2026-01-23T09:22:47Z</time></trkpt>
<trkpt lat="50.245432" lon="8.873831">
<ele>126</ele>
<time>2026-01-23T09:23:49Z</time></trkpt>
<trkpt lat="50.245511" lon="8.874324">
<ele>128</ele>
<time>2026-01-23T09:24:25Z</time></trkpt>
<trkpt lat="50.24563" lon="8.874888">
<ele>130</ele>
<time>2026-01-23T09:25:07Z</time></trkpt>
<trkpt lat="50.245795" lon="8.875485">
<ele>130</ele>
<time>2026-01-23T09:25:54Z</time></trkpt>
<trkpt lat="50.245963" lon="8.875987">
<ele>130</ele>
<time>2026-01-23T09:26:34Z</time></trkpt>
<trkpt lat="50.246307" lon="8.876799">
<ele>128</ele>
<time>2026-01-23T09:27:39Z</time></trkpt>
<trkpt lat="50.246557" lon="8.87727">
<ele>128</ele>
<time>2026-01-23T09:28:18Z</time></trkpt>
<trkpt lat="50.246841" lon="8.877723">
<ele>128</ele>
<time>2026-01-23T09:28:57Z</time></trkpt>
<trkpt lat="50.247178" lon="8.87818">
<ele>128</ele>
<time>2026-01-23T09:29:41Z</time></trkpt>
<trkpt lat="50.247545" lon="8.878593">
<ele>128</ele>
<time>2026-01-23T09:30:25Z</time></trkpt>
<trkpt lat="50.24878" lon="8.87978">
<ele>126</ele>
<time>2026-01-23T09:32:46Z</time></trkpt>
<trkpt lat="50.249173" lon="8.880178">
<ele>125</ele>
<time>2026-01-23T09:33:31Z</time></trkpt>
<trkpt lat="50.249636" lon="8.880692">
<ele>124</ele>
<time>2026-01-23T09:34:24Z</time></trkpt>
<trkpt lat="50.249981" lon="8.881116">
<ele>121</ele>
<time>2026-01-23T09:35:05Z</time></trkpt>
<trkpt lat="50.25033" lon="8.881582">
<ele>119</ele>
<time>2026-01-23T09:35:48Z</time></trkpt>
<trkpt lat="50.250678" lon="8.882088">
<ele>118</ele>
<time>2026-01-23T09:36:33Z</time></trkpt>
<trkpt lat="50.251141" lon="8.882844">
<ele>118</ele>
<time>2026-01-23T09:37:37Z</time></trkpt>
<trkpt lat="50.251527" lon="8.883545">
<ele>117</ele>
<time>2026-01-23T09:38:43Z</time></trkpt>
<trkpt lat="50.251762" lon="8.884026">
<ele>117</ele>
<time>2026-01-23T09:39:26Z</time></trkpt>
<trkpt lat="50.252179" lon="8.884971">
<ele>118</ele>
<time>2026-01-23T09:40:47Z</time></trkpt>
<trkpt lat="50.252515" lon="8.885917">
<ele>119</ele>
<time>2026-01-23T09:42:04Z</time></trkpt>
<trkpt lat="50.253362" lon="8.889034">
<ele>124</ele>
<time>2026-01-23T09:45:45Z</time></trkpt>
<trkpt lat="50.253528" lon="8.889539">
<ele>124</ele>
<time>2026-01-23T09:46:20Z</time></trkpt>
<trkpt lat="50.253715" lon="8.890056">
<ele>123</ele>
<time>2026-01-23T09:46:56Z</time></trkpt>
<trkpt lat="50.253992" lon="8.890749">
<ele>120</ele>
<time>2026-01-23T09:47:47Z</time></trkpt>
<trkpt lat="50.254504" lon="8.891912">
<ele>118</ele>
<time>2026-01-23T09:49:16Z</time></trkpt>
<trkpt lat="50.254708" lon="8.892462">
<ele>118</ele>
<time>2026-01-23T09:49:59Z</time></trkpt>
<trkpt lat="50.254975" lon="8.893381">
<ele>118</ele>
<time>2026-01-23T09:51:06Z</time></trkpt>
<trkpt lat="50.255199" lon="8.894402">
<ele>118</ele>
<time>2026-01-23T09:52:19Z</time></trkpt>
<trkpt lat="50.255489" lon="8.895778">
<ele>119</ele>
<time>2026-01-23T09:53:55Z</time></trkpt>
<trkpt lat="50.255655" lon="8.896274">
<ele>121</ele>
<time>2026-01-23T09:54:35Z</time></trkpt>
<trkpt lat="50.255792" lon="8.89661">
<ele>123</ele>
<time>2026-01-23T09:55:06Z</time></trkpt>
<trkpt lat="50.255897" lon="8.89682">
<ele>123</ele>
<time>2026-01-23T09:55:27Z</time></trkpt>
<trkpt lat="50.256104" lon="8.897171">
<ele>124</ele>
<time>2026-01-23T09:56:04Z</time></trkpt>
<trkpt lat="50.256589" lon="8.897905">
<ele>125</ele>
<time>2026-01-23T09:57:27Z</time></trkpt>
<trkpt lat="50.256827" lon="8.898297">
<ele>126</ele>
<time>2026-01-23T09:58:09Z</time></trkpt>
<trkpt lat="50.257077" lon="8.898823">
<ele>128</ele>
<time>2026-01-23T09:59:00Z</time></trkpt>
<trkpt lat="50.257254" lon="8.899292">
<ele>128</ele>
<time>2026-01-23T09:59:43Z</time></trkpt>
<trkpt lat="50.257618" lon="8.900487">
<ele>131</ele>
<time>2026-01-23T10:01:21Z</time></trkpt>
<trkpt lat="50.25796" lon="8.901309">
<ele>131</ele>
<time>2026-01-23T10:02:26Z</time></trkpt>
<trkpt lat="50.258183" lon="8.901707">
<ele>131</ele>
<time>2026-01-23T10:03:00Z</time></trkpt>
<trkpt lat="50.258477" lon="8.902146">
<ele>132</ele>
<time>2026-01-23T10:03:42Z</time></trkpt>
<trkpt lat="50.258687" lon="8.902444">
<ele>131</ele>
<time>2026-01-23T10:04:11Z</time></trkpt>
<trkpt lat="50.259241" lon="8.902996">
<ele>131</ele>
<time>2026-01-23T10:05:18Z</time></trkpt>
<trkpt lat="50.259879" lon="8.903728">
<ele>130</ele>
<time>2026-01-23T10:06:39Z</time></trkpt>
<trkpt lat="50.260165" lon="8.904096">
<ele>130</ele>
<time>2026-01-23T10:07:18Z</time></trkpt>
<trkpt lat="50.26047" lon="8.904527">
<ele>130</ele>
<time>2026-01-23T10:08:01Z</time></trkpt>
<trkpt lat="50.260597" lon="8.904786">
<ele>130</ele>
<time>2026-01-23T10:08:23Z</time></trkpt>
<trkpt lat="50.260691" lon="8.905005">
<ele>130</ele>
<time>2026-01-23T10:08:41Z</time></trkpt>
<trkpt lat="50.260799" lon="8.905316">
<ele>130</ele>
<time>2026-01-23T10:09:04Z</time></trkpt>
<trkpt lat="50.261098" lon="8.906718">
<ele>132</ele>
<time>2026-01-23T10:10:43Z</time></trkpt>
<trkpt lat="50.26114" lon="8.90688">
<ele>132</ele>
<time>2026-01-23T10:10:55Z</time></trkpt>
<trkpt lat="50.261274" lon="8.907249">
<ele>133</ele>
<time>2026-01-23T10:11:23Z</time></trkpt>
<trkpt lat="50.261738" lon="8.908196">
<ele>133</ele>
<time>2026-01-23T10:12:39Z</time></trkpt>
<trkpt lat="50.261825" lon="8.908362">
<ele>134</ele>
<time>2026-01-23T10:12:51Z</time></trkpt>
<trkpt lat="50.262238" lon="8.908976">
<ele>133</ele>
<time>2026-01-23T10:13:44Z</time></trkpt>
<trkpt lat="50.262554" lon="8.909396">
<ele>130</ele>
<time>2026-01-23T10:14:23Z</time></trkpt>
<trkpt lat="50.262672" lon="8.909509">
<ele>129</ele>
<time>2026-01-23T10:14:35Z</time></trkpt>
<trkpt lat="50.262922" lon="8.909675">
<ele>127</ele>
<time>2026-01-23T10:15:01Z</time></trkpt>
<trkpt lat="50.263559" lon="8.909992">
<ele>122</ele>
<time>2026-01-23T10:16:02Z</time></trkpt>
<trkpt lat="50.263796" lon="8.910127">
<ele>122</ele>
<time>2026-01-23T10:16:26Z</time></trkpt>
<trkpt lat="50.263875" lon="8.910207">
<ele>122</ele>
<time>2026-01-23T10:16:35Z</time></trkpt>
<trkpt lat="50.264002" lon="8.910406">
<ele>123</ele>
<time>2026-01-23T10:16:51Z</time></trkpt>
<trkpt lat="50.264231" lon="8.910872">
<ele>124</ele>
<time>2026-01-23T10:17:28Z</time></trkpt>
<trkpt lat="50.264393" lon="8.91113">
<ele>124</ele>
<time>2026-01-23T10:17:51Z</time></trkpt>
<trkpt lat="50.264612" lon="8.911402">
<ele>125</ele>
<time>2026-01-23T10:18:19Z</time></trkpt>
<trkpt lat="50.265351" lon="8.912059">
<ele>122</ele>
<time>2026-01-23T10:19:44Z</time></trkpt>
<trkpt lat="50.265486" lon="8.912201">
<ele>122</ele>
<time>2026-01-23T10:20:00Z</time></trkpt>
<trkpt lat="50.265569" lon="8.912323">
<ele>122</ele>
<time>2026-01-23T10:20:12Z</time></trkpt>
<trkpt lat="50.265805" lon="8.912781">
<ele>122</ele>
<time>2026-01-23T10:20:49Z</time></trkpt>
<trkpt lat="50.266558" lon="8.914304">
<ele>123</ele>
<time>2026-01-23T10:22:53Z</time></trkpt>
<trkpt lat="50.266799" lon="8.914805">
<ele>123</ele>
<time>2026-01-23T10:23:34Z</time></trkpt>
<trkpt lat="50.267057" lon="8.915358">
<ele>124</ele>
<time>2026-01-23T10:24:19Z</time></trkpt>
<trkpt lat="50.267385" lon="8.91609">
<ele>124</ele>
<time>2026-01-23T10:25:18Z</time></trkpt>
<trkpt lat="50.267791" lon="8.916939">
<ele>124</ele>
<time>2026-01-23T10:26:27Z</time></trkpt>
<trkpt lat="50.268131" lon="8.917553">
<ele>124</ele>
<time>2026-01-23T10:27:20Z</time></trkpt>
<trkpt lat="50.268255" lon="8.917745">
<ele>124</ele>
<time>2026-01-23T10:27:38Z</time></trkpt>
<trkpt lat="50.268305" lon="8.917816">
<ele>124</ele>
<time>2026-01-23T10:27:45Z</time></trkpt>
<trkpt lat="50.268704" lon="8.918329">
<ele>126</ele>
<time>2026-01-23T10:28:42Z</time></trkpt>
<trkpt lat="50.269105" lon="8.918764">
<ele>133</ele>
<time>2026-01-23T10:29:37Z</time></trkpt>
<trkpt lat="50.269437" lon="8.919069">
<ele>135</ele>
<time>2026-01-23T10:30:21Z</time></trkpt>
<trkpt lat="50.26969" lon="8.919267">
<ele>136</ele>
<time>2026-01-23T10:30:53Z</time></trkpt>
<trkpt lat="50.270208" lon="8.919598">
<ele>136</ele>
<time>2026-01-23T10:31:56Z</time></trkpt>
<trkpt lat="50.270856" lon="8.919908">
<ele>132</ele>
<time>2026-01-23T10:33:13Z</time></trkpt>
<trkpt lat="50.271241" lon="8.920115">
<ele>131</ele>
<time>2026-01-23T10:33:59Z</time></trkpt>
<trkpt lat="50.27155" lon="8.920337">
<ele>131</ele>
<time>2026-01-23T10:34:36Z</time></trkpt>
<trkpt lat="50.271925" lon="8.920685">
<ele>131</ele>
<time>2026-01-23T10:35:23Z</time></trkpt>
<trkpt lat="50.272241" lon="8.921038">
<ele>131</ele>
<time>2026-01-23T10:36:04Z</time></trkpt>
<trkpt lat="50.272376" lon="8.921218">
<ele>132</ele>
<time>2026-01-23T10:36:23Z</time></trkpt>
<trkpt lat="50.273053" lon="8.922173">
<ele>135</ele>
<time>2026-01-23T10:38:00Z</time></trkpt>
<trkpt lat="50.273275" lon="8.922491">
<ele>136</ele>
<time>2026-01-23T10:38:33Z</time></trkpt>
<trkpt lat="50.273905" lon="8.923355">
<ele>132</ele>
<time>2026-01-23T10:40:01Z</time></trkpt>
<trkpt lat="50.274466" lon="8.924095">
<ele>128</ele>
<time>2026-01-23T10:41:09Z</time></trkpt>
<trkpt lat="50.274934" lon="8.924656">
<ele>126</ele>
<time>2026-01-23T10:42:03Z</time></trkpt>
<trkpt lat="50.276173" lon="8.926064">
<ele>123</ele>
<time>2026-01-23T10:44:25Z</time></trkpt>
<trkpt lat="50.276964" lon="8.926908">
<ele>122</ele>
<time>2026-01-23T10:45:59Z</time></trkpt>
<trkpt lat="50.277742" lon="8.927687">
<ele>124</ele>
<time>2026-01-23T10:47:31Z</time></trkpt>
<trkpt lat="50.278434" lon="8.928211">
<ele>124</ele>
<time>2026-01-23T10:48:48Z</time></trkpt>
<trkpt lat="50.278961" lon="8.928501">
<ele>123</ele>
<time>2026-01-23T10:49:44Z</time></trkpt>
<trkpt lat="50.279202" lon="8.928591">
<ele>123</ele>
<time>2026-01-23T10:50:09Z</time></trkpt>
<trkpt lat="50.279933" lon="8.928903">
<ele>123</ele>
<time>2026-01-23T10:51:25Z</time></trkpt>
<trkpt lat="50.280015" lon="8.928935">
<ele>123</ele>
<time>2026-01-23T10:51:34Z</time></trkpt>
<trkpt lat="50.280351" lon="8.929119">
<ele>123</ele>
<time>2026-01-23T10:52:09Z</time></trkpt>
<trkpt lat="50.280773" lon="8.929406">
<ele>123</ele>
<time>2026-01-23T10:52:55Z</time></trkpt>
<trkpt lat="50.281196" lon="8.929793">
<ele>124</ele>
<time>2026-01-23T10:53:44Z</time></trkpt>
<trkpt lat="50.281484" lon="8.93014">
<ele>123</ele>
<time>2026-01-23T10:54:21Z</time></trkpt>
<trkpt lat="50.281763" lon="8.930553">
<ele>123</ele>
<time>2026-01-23T10:54:59Z</time></trkpt>
<trkpt lat="50.281954" lon="8.930881">
<ele>123</ele>
<time>2026-01-23T10:55:28Z</time></trkpt>
<trkpt lat="50.282811" lon="8.932545">
<ele>123</ele>
<time>2026-01-23T10:57:47Z</time></trkpt>
<trkpt lat="50.283078" lon="8.933148">
<ele>124</ele>
<time>2026-01-23T10:58:35Z</time></trkpt>
<trkpt lat="50.283626" lon="8.934561">
<ele>124</ele>
<time>2026-01-23T11:00:23Z</time></trkpt>
<trkpt lat="50.283905" lon="8.935414">
<ele>124</ele>
<time>2026-01-23T11:01:27Z</time></trkpt>
<trkpt lat="50.2844786" lon="8.937568">
<ele>124</ele>
<time>2026-01-23T11:04:06Z</time></trkpt>
<trkpt lat="50.284623" lon="8.938165">
<ele>125</ele>
<time>2026-01-23T11:04:50Z</time></trkpt>
<trkpt lat="50.284855" lon="8.939372">
<ele>126</ele>
<time>2026-01-23T11:06:16Z</time></trkpt>
<trkpt lat="50.284996" lon="8.940309">
<ele>127</ele>
<time>2026-01-23T11:07:20Z</time></trkpt>
<trkpt lat="50.285358" lon="8.943418">
<ele>128</ele>
<time>2026-01-23T11:10:47Z</time></trkpt>
<trkpt lat="50.285677" lon="8.944986">
<ele>128</ele>
<time>2026-01-23T11:12:35Z</time></trkpt>
<trkpt lat="50.285622" lon="8.945069">
<ele>128</ele>
<time>2026-01-23T11:12:42Z</time></trkpt>
<trkpt lat="50.285615" lon="8.945187">
<ele>128</ele>
<time>2026-01-23T11:12:50Z</time></trkpt>
<trkpt lat="50.285666" lon="8.945292">
<ele>128</ele>
<time>2026-01-23T11:12:58Z</time></trkpt>
<trkpt lat="50.2857196" lon="8.9453395">
<ele>129</ele>
<time>2026-01-23T11:13:04Z</time></trkpt>
<trkpt lat="50.2858041" lon="8.9456351">
<ele>129</ele>
<time>2026-01-23T11:13:25Z</time></trkpt>
<trkpt lat="50.2860103" lon="8.9462775">
<ele>129</ele>
<time>2026-01-23T11:14:11Z</time></trkpt>
<trkpt lat="50.2864165" lon="8.9476537">
<ele>130</ele>
<time>2026-01-23T11:15:48Z</time></trkpt>
<trkpt lat="50.2867768" lon="8.9488556">
<ele>128</ele>
<time>2026-01-23T11:17:13Z</time></trkpt>
<trkpt lat="50.2873396" lon="8.9504446">
<ele>127</ele>
<time>2026-01-23T11:19:10Z</time></trkpt>
<trkpt lat="50.2879898" lon="8.9521539">
<ele>125</ele>
<time>2026-01-23T11:21:17Z</time></trkpt>
<trkpt lat="50.2880856" lon="8.9522042">
<ele>125</ele>
<time>2026-01-23T11:21:27Z</time></trkpt>
<trkpt lat="50.2882291" lon="8.9521664">
<ele>126</ele>
<time>2026-01-23T11:21:42Z</time></trkpt>
<trkpt lat="50.2883711" lon="8.9521934">
<ele>126</ele>
<time>2026-01-23T11:21:56Z</time></trkpt>
<trkpt lat="50.2887382" lon="8.952437">
<ele>127</ele>
<time>2026-01-23T11:22:36Z</time></trkpt>
<trkpt lat="50.29317" lon="8.955265">
<ele>152</ele>
<time>2026-01-23T11:33:26Z</time></trkpt>
<trkpt lat="50.2934075" lon="8.9553987">
<ele>153</ele>
<time>2026-01-23T11:33:57Z</time></trkpt>
<trkpt lat="50.2936454" lon="8.9554574">
<ele>153</ele>
<time>2026-01-23T11:34:27Z</time></trkpt>
<trkpt lat="50.2940798" lon="8.9554315">
<ele>155</ele>
<time>2026-01-23T11:35:21Z</time></trkpt>
<trkpt lat="50.2966205" lon="8.9552382">
<ele>160</ele>
<time>2026-01-23T11:40:02Z</time></trkpt>
<trkpt lat="50.2968547" lon="8.9551916">
<ele>159</ele>
<time>2026-01-23T11:40:25Z</time></trkpt>
<trkpt lat="50.297088" lon="8.9550883">
<ele>158</ele>
<time>2026-01-23T11:40:49Z</time></trkpt>
<trkpt lat="50.2974538" lon="8.9548953">
<ele>158</ele>
<time>2026-01-23T11:41:27Z</time></trkpt>
<trkpt lat="50.2984048" lon="8.954381">
<ele>157</ele>
<time>2026-01-23T11:43:07Z</time></trkpt>
<trkpt lat="50.2986247" lon="8.9542423">
<ele>158</ele>
<time>2026-01-23T11:43:34Z</time></trkpt>
<trkpt lat="50.2998735" lon="8.9533725">
<ele>160</ele>
<time>2026-01-23T11:46:09Z</time></trkpt>
<trkpt lat="50.2999832" lon="8.9532889">
<ele>161</ele>
<time>2026-01-23T11:46:23Z</time></trkpt>
<trkpt lat="50.3001005" lon="8.9532453">
<ele>161</ele>
<time>2026-01-23T11:46:36Z</time></trkpt>
<trkpt lat="50.3002263" lon="8.9532291">
<ele>161</ele>
<time>2026-01-23T11:46:51Z</time></trkpt>
<trkpt lat="50.3003698" lon="8.9532665">
<ele>162</ele>
<time>2026-01-23T11:47:07Z</time></trkpt>
<trkpt lat="50.3006399" lon="8.9533541">
<ele>162</ele>
<time>2026-01-23T11:47:38Z</time></trkpt>
<trkpt lat="50.3007896" lon="8.9531682">
<ele>163</ele>
<time>2026-01-23T11:48:00Z</time></trkpt>
<trkpt lat="50.3009929" lon="8.9528433">
<ele>163</ele>
<time>2026-01-23T11:48:33Z</time></trkpt>
<trkpt lat="50.3011011" lon="8.9527537">
<ele>163</ele>
<time>2026-01-23T11:48:47Z</time></trkpt>
<trkpt lat="50.30136" lon="8.9526452">
<ele>163</ele>
<time>2026-01-23T11:49:19Z</time></trkpt>
<trkpt lat="50.3015392" lon="8.9525602">
<ele>164</ele>
<time>2026-01-23T11:49:44Z</time></trkpt>
<trkpt lat="50.3016333" lon="8.9524235">
<ele>164</ele>
<time>2026-01-23T11:50:02Z</time></trkpt>
<trkpt lat="50.3017148" lon="8.9522691">
<ele>165</ele>
<time>2026-01-23T11:50:20Z</time></trkpt>
<trkpt lat="50.3025532" lon="8.9504583">
<ele>170</ele>
<time>2026-01-23T11:53:36Z</time></trkpt>
<trkpt lat="50.3034886" lon="8.9484583">
<ele>182</ele>
<time>2026-01-23T11:57:11Z</time></trkpt>
<trkpt lat="50.3035823" lon="8.9483386">
<ele>183</ele>
<time>2026-01-23T11:57:26Z</time></trkpt>
<trkpt lat="50.3042919" lon="8.9476301">
<ele>188</ele>
<time>2026-01-23T11:59:10Z</time></trkpt>
<trkpt lat="50.3044879" lon="8.9474231">
<ele>188</ele>
<time>2026-01-23T11:59:40Z</time></trkpt>
<trkpt lat="50.3047238" lon="8.9470824">
<ele>189</ele>
<time>2026-01-23T12:00:20Z</time></trkpt>
<trkpt lat="50.3048262" lon="8.9468928">
<ele>188</ele>
<time>2026-01-23T12:00:40Z</time></trkpt>
<trkpt lat="50.3049555" lon="8.9466032">
<ele>187</ele>
<time>2026-01-23T12:01:08Z</time></trkpt>
<trkpt lat="50.3050183" lon="8.9463571">
<ele>187</ele>
<time>2026-01-23T12:01:29Z</time></trkpt>
<trkpt lat="50.3050705" lon="8.9460904">
<ele>187</ele>
<time>2026-01-23T12:01:51Z</time></trkpt>
<trkpt lat="50.3051056" lon="8.9458528">
<ele>188</ele>
<time>2026-01-23T12:02:10Z</time></trkpt>
<trkpt lat="50.3051212" lon="8.9455352">
<ele>189</ele>
<time>2026-01-23T12:02:36Z</time></trkpt>
<trkpt lat="50.3051342" lon="8.944942">
<ele>191</ele>
<time>2026-01-23T12:03:23Z</time></trkpt>
<trkpt lat="50.3051369" lon="8.9440932">
<ele>194</ele>
<time>2026-01-23T12:04:29Z</time></trkpt>
<trkpt lat="50.3051308" lon="8.9420223">
<ele>198</ele>
<time>2026-01-23T12:07:11Z</time></trkpt>
<trkpt lat="50.3051412" lon="8.939867">
<ele>201</ele>
<time>2026-01-23T12:09:59Z</time></trkpt>
<trkpt lat="50.3051464" lon="8.9373487">
<ele>206</ele>
<time>2026-01-23T12:13:08Z</time></trkpt>
<trkpt lat="50.30512" lon="8.9370549">
<ele>206</ele>
<time>2026-01-23T12:13:31Z</time></trkpt>
<trkpt lat="50.3050908" lon="8.9365568">
<ele>207</ele>
<time>2026-01-23T12:14:08Z</time></trkpt>
<trkpt lat="50.3051182" lon="8.9362214">
<ele>207</ele>
<time>2026-01-23T12:14:34Z</time></trkpt>
<trkpt lat="50.3053209" lon="8.934889">
<ele>209</ele>
<time>2026-01-23T12:16:16Z</time></trkpt>
<trkpt lat="50.3054174" lon="8.9343487">
<ele>209</ele>
<time>2026-01-23T12:16:49Z</time></trkpt>
<trkpt lat="50.3054622" lon="8.9339601">
<ele>209</ele>
<time>2026-01-23T12:17:11Z</time></trkpt>
<trkpt lat="50.3054885" lon="8.9335749">
<ele>209</ele>
<time>2026-01-23T12:17:34Z</time></trkpt>
<trkpt lat="50.3055025" lon="8.9331892">
<ele>209</ele>
<time>2026-01-23T12:17:56Z</time></trkpt>
<trkpt lat="50.305497" lon="8.9330484">
<ele>209</ele>
<time>2026-01-23T12:18:04Z</time></trkpt>
<trkpt lat="50.3055344" lon="8.9329427">
<ele>209</ele>
<time>2026-01-23T12:18:11Z</time></trkpt>
<trkpt lat="50.3055913" lon="8.9328826">
<ele>209</ele>
<time>2026-01-23T12:18:17Z</time></trkpt>
<trkpt lat="50.305792" lon="8.932824">
<ele>209</ele>
<time>2026-01-23T12:18:36Z</time></trkpt>
<trkpt lat="50.306113" lon="8.932736">
<ele>208</ele>
<time>2026-01-23T12:19:05Z</time></trkpt>
<trkpt lat="50.306201" lon="8.932693">
<ele>207</ele>
<time>2026-01-23T12:19:14Z</time></trkpt>
<trkpt lat="50.306894" lon="8.932201">
<ele>201</ele>
<time>2026-01-23T12:20:22Z</time></trkpt>
<trkpt lat="50.307308" lon="8.931903">
<ele>196</ele>
<time>2026-01-23T12:21:04Z</time></trkpt>
<trkpt lat="50.307483" lon="8.931741">
<ele>194</ele>
<time>2026-01-23T12:21:22Z</time></trkpt>
<trkpt lat="50.307663" lon="8.931532">
<ele>192</ele>
<time>2026-01-23T12:21:42Z</time></trkpt>
<trkpt lat="50.308448" lon="8.930474">
<ele>188</ele>
<time>2026-01-23T12:23:15Z</time></trkpt>
<trkpt lat="50.308581" lon="8.930248">
<ele>187</ele>
<time>2026-01-23T12:23:32Z</time></trkpt>
<trkpt lat="50.309112" lon="8.929127">
<ele>184</ele>
<time>2026-01-23T12:24:52Z</time></trkpt>
<trkpt lat="50.309847" lon="8.927597">
<ele>181</ele>
<time>2026-01-23T12:26:44Z</time></trkpt>
<trkpt lat="50.310075" lon="8.927109">
<ele>180</ele>
<time>2026-01-23T12:27:21Z</time></trkpt>
<trkpt lat="50.310722" lon="8.925481">
<ele>178</ele>
<time>2026-01-23T12:29:17Z</time></trkpt>
<trkpt lat="50.310936" lon="8.92489">
<ele>177</ele>
<time>2026-01-23T12:29:58Z</time></trkpt>
<trkpt lat="50.311194" lon="8.924062">
<ele>176</ele>
<time>2026-01-23T12:30:54Z</time></trkpt>
<trkpt lat="50.31137" lon="8.923425">
<ele>174</ele>
<time>2026-01-23T12:31:34Z</time></trkpt>
<trkpt lat="50.311551" lon="8.922456">
<ele>171</ele>
<time>2026-01-23T12:32:30Z</time></trkpt>
<trkpt lat="50.311791" lon="8.921341">
<ele>167</ele>
<time>2026-01-23T12:33:36Z</time></trkpt>
<trkpt lat="50.311847" lon="8.921012">
<ele>166</ele>
<time>2026-01-23T12:33:55Z</time></trkpt>
<trkpt lat="50.311925" lon="8.920392">
<ele>162</ele>
<time>2026-01-23T12:34:30Z</time></trkpt>
<trkpt lat="50.311985" lon="8.920157">
<ele>160</ele>
<time>2026-01-23T12:34:44Z</time></trkpt>
<trkpt lat="50.312027" lon="8.920074">
<ele>160</ele>
<time>2026-01-23T12:34:50Z</time></trkpt>
<trkpt lat="50.312185" lon="8.919904">
<ele>159</ele>
<time>2026-01-23T12:35:07Z</time></trkpt>
<trkpt lat="50.312478" lon="8.919745">
<ele>158</ele>
<time>2026-01-23T12:35:34Z</time></trkpt>
<trkpt lat="50.312563" lon="8.919668">
<ele>158</ele>
<time>2026-01-23T12:35:42Z</time></trkpt>
<trkpt lat="50.312765" lon="8.919388">
<ele>157</ele>
<time>2026-01-23T12:36:08Z</time></trkpt>
<trkpt lat="50.312838" lon="8.91921">
<ele>156</ele>
<time>2026-01-23T12:36:21Z</time></trkpt>
<trkpt lat="50.312871" lon="8.919005">
<ele>155</ele>
<time>2026-01-23T12:36:34Z</time></trkpt>
<trkpt lat="50.312814" lon="8.918367">
<ele>153</ele>
<time>2026-01-23T12:37:14Z</time></trkpt>
<trkpt lat="50.312745" lon="8.918073">
<ele>152</ele>
<time>2026-01-23T12:37:34Z</time></trkpt>
<trkpt lat="50.312502" lon="8.917546">
<ele>151</ele>
<time>2026-01-23T12:38:14Z</time></trkpt>
<trkpt lat="50.311436" lon="8.918915">
<ele>154</ele>
<time>2026-01-23T12:40:28Z</time></trkpt>
<trkpt lat="50.311372" lon="8.91896">
<ele>154</ele>
<time>2026-01-23T12:40:35Z</time></trkpt>
<trkpt lat="50.311313" lon="8.918965">
<ele>154</ele>
<time>2026-01-23T12:40:40Z</time></trkpt>
<trkpt lat="50.311234" lon="8.918879">
<ele>154</ele>
<time>2026-01-23T12:40:50Z</time></trkpt>
<trkpt lat="50.311027" lon="8.918528">
<ele>154</ele>
<time>2026-01-23T12:41:21Z</time></trkpt>
<trkpt lat="50.310896" lon="8.9182">
<ele>154</ele>
<time>2026-01-23T12:41:48Z</time></trkpt>
<trkpt lat="50.310853" lon="8.917991">
<ele>154</ele>
<time>2026-01-23T12:42:03Z</time></trkpt>
<trkpt lat="50.310774" lon="8.916916">
<ele>154</ele>
<time>2026-01-23T12:43:16Z</time></trkpt>
<trkpt lat="50.310768" lon="8.916516">
<ele>154</ele>
<time>2026-01-23T12:43:44Z</time></trkpt>
<trkpt lat="50.310864" lon="8.915569">
<ele>154</ele>
<time>2026-01-23T12:44:49Z</time></trkpt>
<trkpt lat="50.310858" lon="8.915401">
<ele>154</ele>
<time>2026-01-23T12:45:01Z</time></trkpt>
<trkpt lat="50.310807" lon="8.915144">
<ele>155</ele>
<time>2026-01-23T12:45:19Z</time></trkpt>
<trkpt lat="50.310589" lon="8.914455">
<ele>156</ele>
<time>2026-01-23T12:46:11Z</time></trkpt>
<trkpt lat="50.309888" lon="8.912433">
<ele>159</ele>
<time>2026-01-23T12:48:48Z</time></trkpt>
<trkpt lat="50.309532" lon="8.911379">
<ele>160</ele>
<time>2026-01-23T12:50:10Z</time></trkpt>
<trkpt lat="50.309098" lon="8.910142">
<ele>160</ele>
<time>2026-01-23T12:51:46Z</time></trkpt>
<trkpt lat="50.308894" lon="8.909528">
<ele>160</ele>
<time>2026-01-23T12:52:33Z</time></trkpt>
<trkpt lat="50.308333" lon="8.907882">
<ele>160</ele>
<time>2026-01-23T12:54:32Z</time></trkpt>
<trkpt lat="50.308081" lon="8.907265">
<ele>160</ele>
<time>2026-01-23T12:55:19Z</time></trkpt>
<trkpt lat="50.307933" lon="8.906971">
<ele>161</ele>
<time>2026-01-23T12:55:43Z</time></trkpt>
<trkpt lat="50.307701" lon="8.906577">
<ele>160</ele>
<time>2026-01-23T12:56:17Z</time></trkpt>
<trkpt lat="50.307422" lon="8.906182">
<ele>160</ele>
<time>2026-01-23T12:56:55Z</time></trkpt>
<trkpt lat="50.307117" lon="8.905807">
<ele>160</ele>
<time>2026-01-23T12:57:34Z</time></trkpt>
<trkpt lat="50.306386" lon="8.904929">
<ele>160</ele>
<time>2026-01-23T12:59:11Z</time></trkpt>
<trkpt lat="50.305481" lon="8.903849">
<ele>161</ele>
<time>2026-01-23T13:01:13Z</time></trkpt>
<trkpt lat="50.304442" lon="8.902601">
<ele>163</ele>
<time>2026-01-23T13:03:32Z</time></trkpt>
<trkpt lat="50.304023" lon="8.902091">
<ele>165</ele>
<time>2026-01-23T13:04:43Z</time></trkpt>
<trkpt lat="50.301964" lon="8.899619">
<ele>179</ele>
<time>2026-01-23T13:10:40Z</time></trkpt>
<trkpt lat="50.301503" lon="8.899073">
<ele>183</ele>
<time>2026-01-23T13:11:50Z</time></trkpt>
<trkpt lat="50.301275" lon="8.898713">
<ele>184</ele>
<time>2026-01-23T13:12:27Z</time></trkpt>
<trkpt lat="50.300419" lon="8.897083">
<ele>186</ele>
<time>2026-01-23T13:15:00Z</time></trkpt>
<trkpt lat="50.300066" lon="8.896389">
<ele>187</ele>
<time>2026-01-23T13:16:04Z</time></trkpt>
<trkpt lat="50.299906" lon="8.896118">
<ele>187</ele>
<time>2026-01-23T13:16:31Z</time></trkpt>
<trkpt lat="50.299673" lon="8.89577">
<ele>186</ele>
<time>2026-01-23T13:17:07Z</time></trkpt>
<trkpt lat="50.299383" lon="8.895351">
<ele>186</ele>
<time>2026-01-23T13:17:47Z</time></trkpt>
<trkpt lat="50.298322" lon="8.893801">
<ele>185</ele>
<time>2026-01-23T13:20:09Z</time></trkpt>
<trkpt lat="50.29818" lon="8.893598">
<ele>185</ele>
<time>2026-01-23T13:20:28Z</time></trkpt>
<trkpt lat="50.298159" lon="8.893598">
<ele>185</ele>
<time>2026-01-23T13:20:30Z</time></trkpt>
<trkpt lat="50.297692" lon="8.892109">
<ele>183</ele>
<time>2026-01-23T13:22:14Z</time></trkpt>
<trkpt lat="50.297573" lon="8.891764">
<ele>183</ele>
<time>2026-01-23T13:22:38Z</time></trkpt>
<trkpt lat="50.297097" lon="8.89032">
<ele>182</ele>
<time>2026-01-23T13:24:19Z</time></trkpt>
<trkpt lat="50.296744" lon="8.889281">
<ele>180</ele>
<time>2026-01-23T13:25:32Z</time></trkpt>
<trkpt lat="50.296393" lon="8.88816">
<ele>180</ele>
<time>2026-01-23T13:26:49Z</time></trkpt>
<trkpt lat="50.296025" lon="8.886801">
<ele>179</ele>
<time>2026-01-23T13:28:22Z</time></trkpt>
<trkpt lat="50.295713" lon="8.884741">
<ele>178</ele>
<time>2026-01-23T13:30:35Z</time></trkpt>
<trkpt lat="50.295588" lon="8.883862">
<ele>178</ele>
<time>2026-01-23T13:31:32Z</time></trkpt>
<trkpt lat="50.295154" lon="8.88234">
<ele>177</ele>
<time>2026-01-23T13:33:17Z</time></trkpt>
<trkpt lat="50.294607" lon="8.881003">
<ele>177</ele>
<time>2026-01-23T13:34:59Z</time></trkpt>
<trkpt lat="50.294078" lon="8.879881">
<ele>177</ele>
<time>2026-01-23T13:36:28Z</time></trkpt>
<trkpt lat="50.293971" lon="8.879663">
<ele>177</ele>
<time>2026-01-23T13:36:46Z</time></trkpt>
<trkpt lat="50.293873" lon="8.879511">
<ele>178</ele>
<time>2026-01-23T13:36:59Z</time></trkpt>
<trkpt lat="50.292502" lon="8.878101">
<ele>177</ele>
<time>2026-01-23T13:39:44Z</time></trkpt>
<trkpt lat="50.291768" lon="8.877336">
<ele>177</ele>
<time>2026-01-23T13:41:12Z</time></trkpt>
<trkpt lat="50.290309" lon="8.87583">
<ele>177</ele>
<time>2026-01-23T13:44:07Z</time></trkpt>
<trkpt lat="50.289993" lon="8.875456">
<ele>177</ele>
<time>2026-01-23T13:44:47Z</time></trkpt>
<trkpt lat="50.289759" lon="8.875022">
<ele>177</ele>
<time>2026-01-23T13:45:23Z</time></trkpt>
<trkpt lat="50.28926" lon="8.873521">
<ele>177</ele>
<time>2026-01-23T13:47:11Z</time></trkpt>
<trkpt lat="50.286997" lon="8.866556">
<ele>178</ele>
<time>2026-01-23T13:55:33Z</time></trkpt>
<trkpt lat="50.286491" lon="8.864972">
<ele>179</ele>
<time>2026-01-23T13:57:29Z</time></trkpt>
<trkpt lat="50.286318" lon="8.864543">
<ele>179</ele>
<time>2026-01-23T13:58:02Z</time></trkpt>
<trkpt lat="50.285334" lon="8.862649">
<ele>178</ele>
<time>2026-01-23T14:00:44Z</time></trkpt>
<trkpt lat="50.284565" lon="8.861137">
<ele>181</ele>
<time>2026-01-23T14:03:02Z</time></trkpt>
<trkpt lat="50.283607" lon="8.859303">
<ele>182</ele>
<time>2026-01-23T14:05:50Z</time></trkpt>
<trkpt lat="50.283442" lon="8.858967">
<ele>183</ele>
<time>2026-01-23T14:06:20Z</time></trkpt>
<trkpt lat="50.282866" lon="8.857845">
<ele>186</ele>
<time>2026-01-23T14:08:05Z</time></trkpt>
<trkpt lat="50.281604" lon="8.855425">
<ele>189</ele>
<time>2026-01-23T14:11:51Z</time></trkpt>
<trkpt lat="50.277303" lon="8.847158">
<ele>195</ele>
<time>2026-01-23T14:23:59Z</time></trkpt>
<trkpt lat="50.275861" lon="8.8443994">
<ele>192</ele>
<time>2026-01-23T14:27:36Z</time></trkpt>
<trkpt lat="50.2757483" lon="8.8442445">
<ele>192</ele>
<time>2026-01-23T14:27:51Z</time></trkpt>
<trkpt lat="50.2753904" lon="8.8444184">
<ele>190</ele>
<time>2026-01-23T14:28:27Z</time></trkpt>
<trkpt lat="50.2741906" lon="8.8450662">
<ele>183</ele>
<time>2026-01-23T14:30:19Z</time></trkpt>
<trkpt lat="50.2739661" lon="8.8451727">
<ele>182</ele>
<time>2026-01-23T14:30:40Z</time></trkpt>
<trkpt lat="50.273714" lon="8.8452346">
<ele>181</ele>
<time>2026-01-23T14:31:02Z</time></trkpt>
<trkpt lat="50.2734289" lon="8.8452375">
<ele>180</ele>
<time>2026-01-23T14:31:26Z</time></trkpt>
<trkpt lat="50.2730848" lon="8.8451737">
<ele>177</ele>
<time>2026-01-23T14:31:56Z</time></trkpt>
<trkpt lat="50.2718188" lon="8.8443797">
<ele>171</ele>
<time>2026-01-23T14:34:00Z</time></trkpt>
<trkpt lat="50.2711503" lon="8.8439255">
<ele>172</ele>
<time>2026-01-23T14:35:21Z</time></trkpt>
<trkpt lat="50.2708219" lon="8.8436422">
<ele>173</ele>
<time>2026-01-23T14:36:02Z</time></trkpt>
<trkpt lat="50.2705181" lon="8.8432656">
<ele>174</ele>
<time>2026-01-23T14:36:46Z</time></trkpt>
<trkpt lat="50.2699837" lon="8.8426625">
<ele>176</ele>
<time>2026-01-23T14:37:59Z</time></trkpt>
<trkpt lat="50.2697904" lon="8.8424669">
<ele>177</ele>
<time>2026-01-23T14:38:24Z</time></trkpt>
<trkpt lat="50.269421" lon="8.8421516">
<ele>178</ele>
<time>2026-01-23T14:39:11Z</time></trkpt>
<trkpt lat="50.2691191" lon="8.8420095">
<ele>176</ele>
<time>2026-01-23T14:39:45Z</time></trkpt>
<trkpt lat="50.2666201" lon="8.8410219">
<ele>168</ele>
<time>2026-01-23T14:43:51Z</time></trkpt>
<trkpt lat="50.2636998" lon="8.8399464">
<ele>169</ele>
<time>2026-01-23T14:48:42Z</time></trkpt>
<trkpt lat="50.2621917" lon="8.8393168">
<ele>164</ele>
<time>2026-01-23T14:51:29Z</time></trkpt>
<trkpt lat="50.2604297" lon="8.8389014">
<ele>171</ele>
<time>2026-01-23T14:54:59Z</time></trkpt>
<trkpt lat="50.2594076" lon="8.8386265">
<ele>174</ele>
<time>2026-01-23T14:56:53Z</time></trkpt>
<trkpt lat="50.258119" lon="8.838238">
<ele>170</ele>
<time>2026-01-23T14:58:54Z</time></trkpt>
<trkpt lat="50.2576979" lon="8.8381239">
<ele>169</ele>
<time>2026-01-23T14:59:34Z</time></trkpt>
<trkpt lat="50.2566397" lon="8.8377498">
<ele>164</ele>
<time>2026-01-23T15:01:14Z</time></trkpt>
<trkpt lat="50.256431" lon="8.837641">
<ele>163</ele>
<time>2026-01-23T15:01:34Z</time></trkpt>
<trkpt lat="50.2563271" lon="8.8375549">
<ele>163</ele>
<time>2026-01-23T15:01:45Z</time></trkpt>
<trkpt lat="50.2561868" lon="8.837497">
<ele>162</ele>
<time>2026-01-23T15:01:58Z</time></trkpt>
<trkpt lat="50.253401" lon="8.836977">
<ele>150</ele>
<time>2026-01-23T15:06:09Z</time></trkpt>
<trkpt lat="50.252699" lon="8.836976">
<ele>156</ele>
<time>2026-01-23T15:07:47Z</time></trkpt>
<trkpt lat="50.252244" lon="8.837012">
<ele>160</ele>
<time>2026-01-23T15:08:51Z</time></trkpt>
<trkpt lat="50.251209" lon="8.837181">
<ele>164</ele>
<time>2026-01-23T15:11:16Z</time></trkpt>
<trkpt lat="50.250881" lon="8.837222">
<ele>166</ele>
<time>2026-01-23T15:12:02Z</time></trkpt>
<trkpt lat="50.250631" lon="8.837258">
<ele>167</ele>
<time>2026-01-23T15:12:37Z</time></trkpt>
<trkpt lat="50.250147" lon="8.837399">
<ele>168</ele>
<time>2026-01-23T15:13:45Z</time></trkpt>
<trkpt lat="50.249679" lon="8.837636">
<ele>170</ele>
<time>2026-01-23T15:14:34Z</time></trkpt>
<trkpt lat="50.249444" lon="8.837809">
<ele>170</ele>
<time>2026-01-23T15:15:00Z</time></trkpt>
<trkpt lat="50.249393" lon="8.837855">
<ele>170</ele>
<time>2026-01-23T15:15:06Z</time></trkpt>
<trkpt lat="50.24904" lon="8.838201">
<ele>170</ele>
<time>2026-01-23T15:15:48Z</time></trkpt>
<trkpt lat="50.248768" lon="8.838539">
<ele>170</ele>
<time>2026-01-23T15:16:23Z</time></trkpt>
<trkpt lat="50.247563" lon="8.840255">
<ele>168</ele>
<time>2026-01-23T15:19:06Z</time></trkpt>
<trkpt lat="50.247388" lon="8.840514">
<ele>167</ele>
<time>2026-01-23T15:19:30Z</time></trkpt>
<trkpt lat="50.2469" lon="8.841273">
<ele>167</ele>
<time>2026-01-23T15:20:36Z</time></trkpt>
<trkpt lat="50.246538" lon="8.841958">
<ele>167</ele>
<time>2026-01-23T15:21:32Z</time></trkpt>
<trkpt lat="50.246376" lon="8.842325">
<ele>167</ele>
<time>2026-01-23T15:21:59Z</time></trkpt>
<trkpt lat="50.246135" lon="8.842982">
<ele>166</ele>
<time>2026-01-23T15:22:46Z</time></trkpt>
<trkpt lat="50.245963" lon="8.843489">
<ele>166</ele>
<time>2026-01-23T15:23:22Z</time></trkpt>
<trkpt lat="50.243673" lon="8.852041">
<ele>149</ele>
<time>2026-01-23T15:32:39Z</time></trkpt>
<trkpt lat="50.243545" lon="8.852556">
<ele>149</ele>
<time>2026-01-23T15:33:13Z</time></trkpt>
<trkpt lat="50.243357" lon="8.853282">
<ele>148</ele>
<time>2026-01-23T15:34:02Z</time></trkpt>
<trkpt lat="50.242866" lon="8.855079">
<ele>147</ele>
<time>2026-01-23T15:36:02Z</time></trkpt>
<trkpt lat="50.242713" lon="8.85547">
<ele>147</ele>
<time>2026-01-23T15:36:30Z</time></trkpt>
<trkpt lat="50.242645" lon="8.855564">
<ele>147</ele>
<time>2026-01-23T15:36:39Z</time></trkpt>
<trkpt lat="50.242552" lon="8.855605">
<ele>146</ele>
<time>2026-01-23T15:36:49Z</time></trkpt>
<trkpt lat="50.242179" lon="8.855421">
<ele>146</ele>
<time>2026-01-23T15:37:26Z</time></trkpt>
<trkpt lat="50.241699" lon="8.855236">
<ele>144</ele>
<time>2026-01-23T15:38:14Z</time></trkpt>
<trkpt lat="50.241072" lon="8.855063">
<ele>143</ele>
<time>2026-01-23T15:39:15Z</time></trkpt>
<trkpt lat="50.237438" lon="8.854171">
<ele>134</ele>
<time>2026-01-23T15:45:02Z</time></trkpt>
<trkpt lat="50.237046" lon="8.854088">
<ele>133</ele>
<time>2026-01-23T15:45:40Z</time></trkpt>
<trkpt lat="50.235888" lon="8.853792">
<ele>131</ele>
<time>2026-01-23T15:47:31Z</time></trkpt>
<trkpt lat="50.235219" lon="8.853683">
<ele>130</ele>
<time>2026-01-23T15:48:35Z</time></trkpt>
<trkpt lat="50.235006" lon="8.853671">
<ele>129</ele>
<time>2026-01-23T15:48:55Z</time></trkpt>
<trkpt lat="50.234735" lon="8.85367">
<ele>129</ele>
<time>2026-01-23T15:49:21Z</time></trkpt>
<trkpt lat="50.234054" lon="8.853726">
<ele>128</ele>
<time>2026-01-23T15:50:27Z</time></trkpt>
<trkpt lat="50.233567" lon="8.853849">
<ele>127</ele>
<time>2026-01-23T15:51:15Z</time></trkpt>
<trkpt lat="50.232969" lon="8.854092">
<ele>127</ele>
<time>2026-01-23T15:52:16Z</time></trkpt>
<trkpt lat="50.232429" lon="8.854379">
<ele>127</ele>
<time>2026-01-23T15:53:11Z</time></trkpt>
<trkpt lat="50.231994" lon="8.854676">
<ele>126</ele>
<time>2026-01-23T15:53:58Z</time></trkpt>
<trkpt lat="50.231572" lon="8.855019">
<ele>126</ele>
<time>2026-01-23T15:54:44Z</time></trkpt>
<trkpt lat="50.230342" lon="8.856155">
<ele>125</ele>
<time>2026-01-23T15:57:07Z</time></trkpt>
<trkpt lat="50.229818" lon="8.85665">
<ele>125</ele>
<time>2026-01-23T15:58:08Z</time></trkpt>
<trkpt lat="50.229638" lon="8.856758">
<ele>124</ele>
<time>2026-01-23T15:58:28Z</time></trkpt>
<trkpt lat="50.229555" lon="8.856769">
<ele>124</ele>
<time>2026-01-23T15:58:36Z</time></trkpt>
<trkpt lat="50.229488" lon="8.856749">
<ele>124</ele>
<time>2026-01-23T15:58:43Z</time></trkpt>
<trkpt lat="50.229412" lon="8.856695">
<ele>124</ele>
<time>2026-01-23T15:58:51Z</time></trkpt>
<trkpt lat="50.229357" lon="8.856626">
<ele>124</ele>
<time>2026-01-23T15:58:58Z</time></trkpt>
<trkpt lat="50.229238" lon="8.856399">
<ele>124</ele>
<time>2026-01-23T15:59:17Z</time></trkpt>
<trkpt lat="50.229172" lon="8.856244">
<ele>125</ele>
<time>2026-01-23T15:59:29Z</time></trkpt>
<trkpt lat="50.229061" lon="8.856106">
<ele>125</ele>
<time>2026-01-23T15:59:43Z</time></trkpt>
<trkpt lat="50.228931" lon="8.856056">
<ele>125</ele>
<time>2026-01-23T15:59:57Z</time></trkpt>
<trkpt lat="50.228814" lon="8.856086">
<ele>125</ele>
<time>2026-01-23T16:00:08Z</time></trkpt>
<trkpt lat="50.228712" lon="8.856142">
<ele>125</ele>
<time>2026-01-23T16:00:19Z</time></trkpt>
<trkpt lat="50.228659" lon="8.856195">
<ele>125</ele>
<time>2026-01-23T16:00:26Z</time></trkpt>
<trkpt lat="50.228525" lon="8.856435">
<ele>125</ele>
<time>2026-01-23T16:00:49Z</time></trkpt>
<trkpt lat="50.228009" lon="8.855857">
<ele>127</ele>
<time>2026-01-23T16:02:05Z</time></trkpt>
<trkpt lat="50.227615" lon="8.855392">
<ele>129</ele>
<time>2026-01-23T16:03:04Z</time></trkpt>
<trkpt lat="50.22692" lon="8.854628">
<ele>132</ele>
<time>2026-01-23T16:04:46Z</time></trkpt>
<trkpt lat="50.226409" lon="8.85399">
<ele>134</ele>
<time>2026-01-23T16:06:05Z</time></trkpt>
<trkpt lat="50.226149" lon="8.853615">
<ele>134</ele>
<time>2026-01-23T16:06:47Z</time></trkpt>
<trkpt lat="50.225868" lon="8.853165">
<ele>134</ele>
<time>2026-01-23T16:07:30Z</time></trkpt>
<trkpt lat="50.225516" lon="8.852517">
<ele>135</ele>
<time>2026-01-23T16:08:26Z</time></trkpt>
<trkpt lat="50.225323" lon="8.852119">
<ele>135</ele>
<time>2026-01-23T16:08:59Z</time></trkpt>
<trkpt lat="50.224834" lon="8.851054">
<ele>135</ele>
<time>2026-01-23T16:10:25Z</time></trkpt>
<trkpt lat="50.224369" lon="8.850023">
<ele>135</ele>
<time>2026-01-23T16:11:47Z</time></trkpt>
<trkpt lat="50.223079" lon="8.847189">
<ele>134</ele>
<time>2026-01-23T16:15:26Z</time></trkpt>
<trkpt lat="50.222632" lon="8.84615">
<ele>132</ele>
<time>2026-01-23T16:16:44Z</time></trkpt>
<trkpt lat="50.219927" lon="8.839573">
<ele>117</ele>
<time>2026-01-23T16:24:32Z</time></trkpt>
<trkpt lat="50.219594" lon="8.83874">
<ele>116</ele>
<time>2026-01-23T16:25:32Z</time></trkpt>
<trkpt lat="50.21866" lon="8.836466">
<ele>115</ele>
<time>2026-01-23T16:28:21Z</time></trkpt>
<trkpt lat="50.21818" lon="8.834835">
<ele>116</ele>
<time>2026-01-23T16:30:21Z</time></trkpt>
<trkpt lat="50.218025" lon="8.834529">
<ele>116</ele>
<time>2026-01-23T16:30:47Z</time></trkpt>
<trkpt lat="50.217709" lon="8.83411">
<ele>116</ele>
<time>2026-01-23T16:31:30Z</time></trkpt>
<trkpt lat="50.217449" lon="8.833827">
<ele>116</ele>
<time>2026-01-23T16:32:04Z</time></trkpt>
<trkpt lat="50.217233" lon="8.83358">
<ele>116</ele>
<time>2026-01-23T16:32:32Z</time></trkpt>
<trkpt lat="50.216991" lon="8.833341">
<ele>116</ele>
<time>2026-01-23T16:33:02Z</time></trkpt>
<trkpt lat="50.21665" lon="8.833116">
<ele>117</ele>
<time>2026-01-23T16:33:40Z</time></trkpt>
<trkpt lat="50.2162" lon="8.832981">
<ele>117</ele>
<time>2026-01-23T16:34:26Z</time></trkpt>
<trkpt lat="50.214817" lon="8.832748">
<ele>117</ele>
<time>2026-01-23T16:36:45Z</time></trkpt>
<trkpt lat="50.214243" lon="8.832684">
<ele>117</ele>
<time>2026-01-23T16:37:43Z</time></trkpt>
<trkpt lat="50.214146" lon="8.832657">
<ele>117</ele>
<time>2026-01-23T16:37:53Z</time></trkpt>
<trkpt lat="50.214046" lon="8.832586">
<ele>117</ele>
<time>2026-01-23T16:38:04Z</time></trkpt>
<trkpt lat="50.213955" lon="8.832465">
<ele>116</ele>
<time>2026-01-23T16:38:16Z</time></trkpt>
<trkpt lat="50.213892" lon="8.832326">
<ele>116</ele>
<time>2026-01-23T16:38:27Z</time></trkpt>
<trkpt lat="50.213278" lon="8.830182">
<ele>120</ele>
<time>2026-01-23T16:41:16Z</time></trkpt>
<trkpt lat="50.213184" lon="8.829927">
<ele>121</ele>
<time>2026-01-23T16:41:38Z</time></trkpt>
<trkpt lat="50.212327" lon="8.827994">
<ele>123</ele>
<time>2026-01-23T16:44:31Z</time></trkpt>
<trkpt lat="50.21212" lon="8.82762">
<ele>124</ele>
<time>2026-01-23T16:45:08Z</time></trkpt>
<trkpt lat="50.211166" lon="8.82606">
<ele>121</ele>
<time>2026-01-23T16:47:33Z</time></trkpt>
<trkpt lat="50.210563" lon="8.825065">
<ele>123</ele>
<time>2026-01-23T16:49:05Z</time></trkpt>
<trkpt lat="50.210378" lon="8.824792">
<ele>124</ele>
<time>2026-01-23T16:49:31Z</time></trkpt>
<trkpt lat="50.21007" lon="8.824393">
<ele>125</ele>
<time>2026-01-23T16:50:13Z</time></trkpt>
<trkpt lat="50.20972" lon="8.824019">
<ele>126</ele>
<time>2026-01-23T16:50:57Z</time></trkpt>
<trkpt lat="50.209436" lon="8.823774">
<ele>126</ele>
<time>2026-01-23T16:51:29Z</time></trkpt>
<trkpt lat="50.209128" lon="8.823543">
<ele>126</ele>
<time>2026-01-23T16:52:03Z</time></trkpt>
<trkpt lat="50.208209" lon="8.822989">
<ele>125</ele>
<time>2026-01-23T16:53:41Z</time></trkpt>
<trkpt lat="50.207727" lon="8.822652">
<ele>125</ele>
<time>2026-01-23T16:54:34Z</time></trkpt>
<trkpt lat="50.207438" lon="8.822398">
<ele>125</ele>
<time>2026-01-23T16:55:07Z</time></trkpt>
<trkpt lat="50.207111" lon="8.822057">
<ele>125</ele>
<time>2026-01-23T16:55:46Z</time></trkpt>
<trkpt lat="50.206853" lon="8.821738">
<ele>125</ele>
<time>2026-01-23T16:56:18Z</time></trkpt>
<trkpt lat="50.206508" lon="8.821219">
<ele>125</ele>
<time>2026-01-23T16:57:04Z</time></trkpt>
<trkpt lat="50.206114" lon="8.820513">
<ele>125</ele>
<time>2026-01-23T16:58:01Z</time></trkpt>
<trkpt lat="50.205639" lon="8.819609">
<ele>125</ele>
<time>2026-01-23T16:59:13Z</time></trkpt>
<trkpt lat="50.205175" lon="8.818754">
<ele>122</ele>
<time>2026-01-23T17:00:21Z</time></trkpt>
<trkpt lat="50.204738" lon="8.818082">
<ele>119</ele>
<time>2026-01-23T17:01:20Z</time></trkpt>
<trkpt lat="50.203727" lon="8.816654">
<ele>115</ele>
<time>2026-01-23T17:03:29Z</time></trkpt>
<trkpt lat="50.20343" lon="8.816149">
<ele>114</ele>
<time>2026-01-23T17:04:11Z</time></trkpt>
<trkpt lat="50.203169" lon="8.81561">
<ele>114</ele>
<time>2026-01-23T17:04:52Z</time></trkpt>
<trkpt lat="50.202926" lon="8.814992">
<ele>113</ele>
<time>2026-01-23T17:05:36Z</time></trkpt>
<trkpt lat="50.202768" lon="8.814467">
<ele>112</ele>
<time>2026-01-23T17:06:11Z</time></trkpt>
<trkpt lat="50.202602" lon="8.81375">
<ele>112</ele>
<time>2026-01-23T17:06:59Z</time></trkpt>
<trkpt lat="50.202519" lon="8.813167">
<ele>112</ele>
<time>2026-01-23T17:07:37Z</time></trkpt>
<trkpt lat="50.202457" lon="8.812359">
<ele>112</ele>
<time>2026-01-23T17:08:29Z</time></trkpt>
<trkpt lat="50.202421" lon="8.809321">
<ele>111</ele>
<time>2026-01-23T17:11:42Z</time></trkpt>
<trkpt lat="50.202396" lon="8.805376">
<ele>110</ele>
<time>2026-01-23T17:15:53Z</time></trkpt>
<trkpt lat="50.202411" lon="8.804469">
<ele>110</ele>
<time>2026-01-23T17:16:51Z</time></trkpt>
<trkpt lat="50.202444" lon="8.803957">
<ele>110</ele>
<time>2026-01-23T17:17:24Z</time></trkpt>
<trkpt lat="50.202616" lon="8.802315">
<ele>110</ele>
<time>2026-01-23T17:19:11Z</time></trkpt>
<trkpt lat="50.202746" lon="8.801165">
<ele>110</ele>
<time>2026-01-23T17:20:26Z</time></trkpt>
<trkpt lat="50.202884" lon="8.800019">
<ele>110</ele>
<time>2026-01-23T17:21:40Z</time></trkpt>
<trkpt lat="50.202927" lon="8.799535">
<ele>110</ele>
<time>2026-01-23T17:22:12Z</time></trkpt>
<trkpt lat="50.202937" lon="8.799393">
<ele>110</ele>
<time>2026-01-23T17:22:21Z</time></trkpt>
<trkpt lat="50.202959" lon="8.798855">
<ele>110</ele>
<time>2026-01-23T17:22:56Z</time></trkpt>
<trkpt lat="50.202962" lon="8.798445">
<ele>110</ele>
<time>2026-01-23T17:23:22Z</time></trkpt>
<trkpt lat="50.202935" lon="8.798098">
<ele>110</ele>
<time>2026-01-23T17:23:44Z</time></trkpt>
<trkpt lat="50.202869" lon="8.797706">
<ele>110</ele>
<time>2026-01-23T17:24:10Z</time></trkpt>
<trkpt lat="50.202715" lon="8.797148">
<ele>110</ele>
<time>2026-01-23T17:24:49Z</time></trkpt>
<trkpt lat="50.202584" lon="8.796821">
<ele>110</ele>
<time>2026-01-23T17:25:14Z</time></trkpt>
<trkpt lat="50.202358" lon="8.796402">
<ele>110</ele>
<time>2026-01-23T17:25:49Z</time></trkpt>
<trkpt lat="50.202061" lon="8.796004">
<ele>110</ele>
<time>2026-01-23T17:26:28Z</time></trkpt>
<trkpt lat="50.201545" lon="8.795461">
<ele>110</ele>
<time>2026-01-23T17:27:31Z</time></trkpt>
<trkpt lat="50.200827" lon="8.794821">
<ele>109</ele>
<time>2026-01-23T17:28:53Z</time></trkpt>
<trkpt lat="50.200444" lon="8.794524">
<ele>109</ele>
<time>2026-01-23T17:29:35Z</time></trkpt>
<trkpt lat="50.199799" lon="8.794092">
<ele>109</ele>
<time>2026-01-23T17:30:44Z</time></trkpt>
<trkpt lat="50.199216" lon="8.793761">
<ele>109</ele>
<time>2026-01-23T17:31:45Z</time></trkpt>
<trkpt lat="50.198291" lon="8.79331">
<ele>108</ele>
<time>2026-01-23T17:33:21Z</time></trkpt>
<trkpt lat="50.197786" lon="8.793102">
<ele>108</ele>
<time>2026-01-23T17:34:13Z</time></trkpt>
<trkpt lat="50.197506" lon="8.792991">
<ele>108</ele>
<time>2026-01-23T17:34:42Z</time></trkpt>
<trkpt lat="50.196466" lon="8.792639">
<ele>108</ele>
<time>2026-01-23T17:36:29Z</time></trkpt>
<trkpt lat="50.195676" lon="8.792429">
<ele>108</ele>
<time>2026-01-23T17:37:49Z</time></trkpt>
<trkpt lat="50.19504" lon="8.792293">
<ele>108</ele>
<time>2026-01-23T17:38:57Z</time></trkpt>
<trkpt lat="50.194189" lon="8.792157">
<ele>113</ele>
<time>2026-01-23T17:40:47Z</time></trkpt>
<trkpt lat="50.193543" lon="8.79209">
<ele>115</ele>
<time>2026-01-23T17:42:10Z</time></trkpt>
<trkpt lat="50.192529" lon="8.792041">
<ele>120</ele>
<time>2026-01-23T17:44:21Z</time></trkpt>
<trkpt lat="50.189929" lon="8.79213">
<ele>123</ele>
<time>2026-01-23T17:49:12Z</time></trkpt>
<trkpt lat="50.1888263" lon="8.7920987">
<ele>124</ele>
<time>2026-01-23T17:51:10Z</time></trkpt>
<trkpt lat="50.1886658" lon="8.7919067">
<ele>124</ele>
<time>2026-01-23T17:51:31Z</time></trkpt>
<trkpt lat="50.1885339" lon="8.7916609">
<ele>124</ele>
<time>2026-01-23T17:51:51Z</time></trkpt>
<trkpt lat="50.1885341" lon="8.791429">
<ele>125</ele>
<time>2026-01-23T17:52:06Z</time></trkpt>
<trkpt lat="50.1885223" lon="8.7905362">
<ele>125</ele>
<time>2026-01-23T17:53:03Z</time></trkpt>
<trkpt lat="50.188252" lon="8.7901748">
<ele>125</ele>
<time>2026-01-23T17:53:38Z</time></trkpt>
<trkpt lat="50.1878868" lon="8.790064">
<ele>127</ele>
<time>2026-01-23T17:54:15Z</time></trkpt>
<trkpt lat="50.1878278" lon="8.7898835">
<ele>127</ele>
<time>2026-01-23T17:54:28Z</time></trkpt>
<trkpt lat="50.1880114" lon="8.7885044">
<ele>126</ele>
<time>2026-01-23T17:55:58Z</time></trkpt>
<trkpt lat="50.1889423" lon="8.7838661">
<ele>126</ele>
<time>2026-01-23T18:01:27Z</time></trkpt>
<trkpt lat="50.1893394" lon="8.7808566">
<ele>128</ele>
<time>2026-01-23T18:05:00Z</time></trkpt>
<trkpt lat="50.1892086" lon="8.7777163">
<ele>130</ele>
<time>2026-01-23T18:08:39Z</time></trkpt>
<trkpt lat="50.1895114" lon="8.7737435">
<ele>131</ele>
<time>2026-01-23T18:13:13Z</time></trkpt>
<trkpt lat="50.1900036" lon="8.77029">
<ele>131</ele>
<time>2026-01-23T18:16:58Z</time></trkpt>
<trkpt lat="50.1905321" lon="8.7685751">
<ele>129</ele>
<time>2026-01-23T18:18:56Z</time></trkpt>
<trkpt lat="50.1909914" lon="8.7651266">
<ele>127</ele>
<time>2026-01-23T18:22:37Z</time></trkpt>
<trkpt lat="50.1914063" lon="8.7612296">
<ele>126</ele>
<time>2026-01-23T18:26:44Z</time></trkpt>
<trkpt lat="50.1913029" lon="8.7577453">
<ele>122</ele>
<time>2026-01-23T18:30:19Z</time></trkpt>
<trkpt lat="50.1906377" lon="8.7542083">
<ele>121</ele>
<time>2026-01-23T18:34:00Z</time></trkpt>
<trkpt lat="50.1904619" lon="8.7530452">
<ele>112</ele>
<time>2026-01-23T18:35:12Z</time></trkpt>
<trkpt lat="50.1906191" lon="8.750104">
<ele>106</ele>
<time>2026-01-23T18:38:11Z</time></trkpt>
<trkpt lat="50.1912487" lon="8.7480642">
<ele>107</ele>
<time>2026-01-23T18:40:34Z</time></trkpt>
<trkpt lat="50.1919156" lon="8.7461997">
<ele>110</ele>
<time>2026-01-23T18:43:09Z</time></trkpt>
<trkpt lat="50.1921445" lon="8.7431186">
<ele>112</ele>
<time>2026-01-23T18:46:48Z</time></trkpt>
<trkpt lat="50.1919713" lon="8.7427708">
<ele>113</ele>
<time>2026-01-23T18:47:16Z</time></trkpt>
<trkpt lat="50.1875636" lon="8.742157">
<ele>110</ele>
<time>2026-01-23T18:54:34Z</time></trkpt>
<trkpt lat="50.1862925" lon="8.7417589">
<ele>109</ele>
<time>2026-01-23T18:56:43Z</time></trkpt>
<trkpt lat="50.1861313" lon="8.740536">
<ele>109</ele>
<time>2026-01-23T18:58:03Z</time></trkpt>
<trkpt lat="50.1856682" lon="8.7392178">
<ele>109</ele>
<time>2026-01-23T18:59:39Z</time></trkpt>
<trkpt lat="50.1850255" lon="8.7381972">
<ele>109</ele>
<time>2026-01-23T19:01:11Z</time></trkpt>
<trkpt lat="50.184021" lon="8.7376859">
<ele>108</ele>
<time>2026-01-23T19:02:55Z</time></trkpt>
<trkpt lat="50.1809247" lon="8.7363364">
<ele>104</ele>
<time>2026-01-23T19:08:10Z</time></trkpt>
<trkpt lat="50.180056" lon="8.735809">
<ele>104</ele>
<time>2026-01-23T19:09:49Z</time></trkpt>
<trkpt lat="50.1793176" lon="8.7351506">
<ele>104</ele>
<time>2026-01-23T19:11:20Z</time></trkpt>
<trkpt lat="50.1788873" lon="8.7351284">
<ele>106</ele>
<time>2026-01-23T19:12:06Z</time></trkpt>
<trkpt lat="50.1783428" lon="8.7354712">
<ele>107</ele>
<time>2026-01-23T19:13:09Z</time></trkpt>
<trkpt lat="50.1780153" lon="8.7355075">
<ele>107</ele>
<time>2026-01-23T19:13:48Z</time></trkpt>
<trkpt lat="50.1766722" lon="8.7347523">
<ele>112</ele>
<time>2026-01-23T19:16:43Z</time></trkpt>
<trkpt lat="50.1724721" lon="8.7322152">
<ele>137</ele>
<time>2026-01-23T19:27:13Z</time></trkpt>
<trkpt lat="50.1711442" lon="8.7312532">
<ele>153</ele>
<time>2026-01-23T19:30:59Z</time></trkpt>
<trkpt lat="50.1699801" lon="8.7305484">
<ele>161</ele>
<time>2026-01-23T19:34:12Z</time></trkpt>
<trkpt lat="50.1687914" lon="8.730185">
<ele>165</ele>
<time>2026-01-23T19:37:07Z</time></trkpt>
<trkpt lat="50.1681561" lon="8.7301952">
<ele>166</ele>
<time>2026-01-23T19:38:28Z</time></trkpt>
<trkpt lat="50.1674239" lon="8.7301221">
<ele>170</ele>
<time>2026-01-23T19:40:01Z</time></trkpt>
<trkpt lat="50.1663375" lon="8.7298401">
<ele>175</ele>
<time>2026-01-23T19:42:20Z</time></trkpt>
<trkpt lat="50.165759" lon="8.7297532">
<ele>177</ele>
<time>2026-01-23T19:43:29Z</time></trkpt>
<trkpt lat="50.165445" lon="8.729663">
<ele>177</ele>
<time>2026-01-23T19:44:04Z</time></trkpt>
<trkpt lat="50.164357" lon="8.729468">
<ele>182</ele>
<time>2026-01-23T19:46:03Z</time></trkpt>
<trkpt lat="50.16364" lon="8.729297">
<ele>183</ele>
<time>2026-01-23T19:47:22Z</time></trkpt>
<trkpt lat="50.163212" lon="8.729116">
<ele>180</ele>
<time>2026-01-23T19:48:10Z</time></trkpt>
<trkpt lat="50.162762" lon="8.72885">
<ele>180</ele>
<time>2026-01-23T19:49:03Z</time></trkpt>
<trkpt lat="50.162474" lon="8.728642">
<ele>180</ele>
<time>2026-01-23T19:49:39Z</time></trkpt>
<trkpt lat="50.162127" lon="8.728328">
<ele>181</ele>
<time>2026-01-23T19:50:25Z</time></trkpt>
<trkpt lat="50.161965" lon="8.728156">
<ele>181</ele>
<time>2026-01-23T19:50:47Z</time></trkpt>
<trkpt lat="50.161437" lon="8.727494">
<ele>183</ele>
<time>2026-01-23T19:52:04Z</time></trkpt>
<trkpt lat="50.160871" lon="8.726615">
<ele>185</ele>
<time>2026-01-23T19:53:34Z</time></trkpt>
<trkpt lat="50.160439" lon="8.725822">
<ele>185</ele>
<time>2026-01-23T19:54:50Z</time></trkpt>
<trkpt lat="50.159348" lon="8.723563">
<ele>182</ele>
<time>2026-01-23T19:57:41Z</time></trkpt>
<trkpt lat="50.159031" lon="8.722881">
<ele>180</ele>
<time>2026-01-23T19:58:31Z</time></trkpt>
<trkpt lat="50.158071" lon="8.721013">
<ele>176</ele>
<time>2026-01-23T20:00:58Z</time></trkpt>
<trkpt lat="50.157854" lon="8.72064">
<ele>176</ele>
<time>2026-01-23T20:01:30Z</time></trkpt>
<trkpt lat="50.157254" lon="8.719733">
<ele>176</ele>
<time>2026-01-23T20:02:53Z</time></trkpt>
<trkpt lat="50.15674" lon="8.719097">
<ele>176</ele>
<time>2026-01-23T20:03:58Z</time></trkpt>
<trkpt lat="50.156302" lon="8.718642">
<ele>176</ele>
<time>2026-01-23T20:04:51Z</time></trkpt>
<trkpt lat="50.154711" lon="8.71711">
<ele>176</ele>
<time>2026-01-23T20:08:01Z</time></trkpt>
<trkpt lat="50.154465" lon="8.716825">
<ele>176</ele>
<time>2026-01-23T20:08:32Z</time></trkpt>
<trkpt lat="50.154167" lon="8.716439">
<ele>176</ele>
<time>2026-01-23T20:09:12Z</time></trkpt>
<trkpt lat="50.153903" lon="8.716016">
<ele>176</ele>
<time>2026-01-23T20:09:51Z</time></trkpt>
<trkpt lat="50.15291" lon="8.71397">
<ele>180</ele>
<time>2026-01-23T20:12:39Z</time></trkpt>
<trkpt lat="50.152564" lon="8.713334">
<ele>180</ele>
<time>2026-01-23T20:13:34Z</time></trkpt>
<trkpt lat="50.152074" lon="8.712564">
<ele>178</ele>
<time>2026-01-23T20:14:45Z</time></trkpt>
<trkpt lat="50.151864" lon="8.71231">
<ele>178</ele>
<time>2026-01-23T20:15:12Z</time></trkpt>
<trkpt lat="50.150179" lon="8.710478">
<ele>174</ele>
<time>2026-01-23T20:18:31Z</time></trkpt>
<trkpt lat="50.147269" lon="8.707355">
<ele>166</ele>
<time>2026-01-23T20:24:00Z</time></trkpt>
<trkpt lat="50.146282" lon="8.706409">
<ele>162</ele>
<time>2026-01-23T20:25:47Z</time></trkpt>
<trkpt lat="50.145684" lon="8.705898">
<ele>158</ele>
<time>2026-01-23T20:26:51Z</time></trkpt>
<trkpt lat="50.144647" lon="8.705085">
<ele>155</ele>
<time>2026-01-23T20:28:43Z</time></trkpt>
<trkpt lat="50.144375" lon="8.704843">
<ele>155</ele>
<time>2026-01-23T20:29:14Z</time></trkpt>
<trkpt lat="50.143783" lon="8.704219">
<ele>155</ele>
<time>2026-01-23T20:30:23Z</time></trkpt>
<trkpt lat="50.143548" lon="8.703906">
<ele>155</ele>
<time>2026-01-23T20:30:53Z</time></trkpt>
<trkpt lat="50.143204" lon="8.703344">
<ele>155</ele>
<time>2026-01-23T20:31:42Z</time></trkpt>
<trkpt lat="50.142886" lon="8.70263">
<ele>155</ele>
<time>2026-01-23T20:32:41Z</time></trkpt>
<trkpt lat="50.141061" lon="8.699026">
<ele>158</ele>
<time>2026-01-23T20:37:52Z</time></trkpt>
<trkpt lat="50.140933" lon="8.6988">
<ele>158</ele>
<time>2026-01-23T20:38:10Z</time></trkpt>
<trkpt lat="50.140794" lon="8.698667">
<ele>158</ele>
<time>2026-01-23T20:38:25Z</time></trkpt>
<trkpt lat="50.140613" lon="8.698594">
<ele>158</ele>
<time>2026-01-23T20:38:42Z</time></trkpt>
<trkpt lat="50.140302" lon="8.698516">
<ele>157</ele>
<time>2026-01-23T20:39:12Z</time></trkpt>
<trkpt lat="50.139794" lon="8.698325">
<ele>155</ele>
<time>2026-01-23T20:40:01Z</time></trkpt>
<trkpt lat="50.137726" lon="8.697385">
<ele>148</ele>
<time>2026-01-23T20:43:22Z</time></trkpt>
<trkpt lat="50.137139" lon="8.697174">
<ele>145</ele>
<time>2026-01-23T20:44:19Z</time></trkpt>
<trkpt lat="50.136672" lon="8.696955">
<ele>144</ele>
<time>2026-01-23T20:45:05Z</time></trkpt>
<trkpt lat="50.135541" lon="8.696342">
<ele>142</ele>
<time>2026-01-23T20:46:58Z</time></trkpt>
<trkpt lat="50.133189" lon="8.695244">
<ele>136</ele>
<time>2026-01-23T20:50:49Z</time></trkpt>
<trkpt lat="50.131983" lon="8.69483">
<ele>133</ele>
<time>2026-01-23T20:52:45Z</time></trkpt>
<trkpt lat="50.129644" lon="8.693745">
<ele>128</ele>
<time>2026-01-23T20:56:38Z</time></trkpt>
<trkpt lat="50.1295" lon="8.693625">
<ele>127</ele>
<time>2026-01-23T20:56:54Z</time></trkpt>
<trkpt lat="50.128684" lon="8.69237">
<ele>126</ele>
<time>2026-01-23T20:58:44Z</time></trkpt>
<trkpt lat="50.128557" lon="8.692239">
<ele>125</ele>
<time>2026-01-23T20:58:59Z</time></trkpt>
<trkpt lat="50.128492" lon="8.692204">
<ele>125</ele>
<time>2026-01-23T20:59:05Z</time></trkpt>
<trkpt lat="50.127449" lon="8.69202">
<ele>124</ele>
<time>2026-01-23T21:00:47Z</time></trkpt>
<trkpt lat="50.125221" lon="8.69172">
<ele>121</ele>
<time>2026-01-23T21:04:21Z</time></trkpt>
<trkpt lat="50.124222" lon="8.691687">
<ele>118</ele>
<time>2026-01-23T21:05:56Z</time></trkpt>
<trkpt lat="50.123587" lon="8.69169">
<ele>117</ele>
<time>2026-01-23T21:06:56Z</time></trkpt>
<trkpt lat="50.12313" lon="8.691569">
<ele>116</ele>
<time>2026-01-23T21:07:40Z</time></trkpt>
<trkpt lat="50.122825" lon="8.691443">
<ele>115</ele>
<time>2026-01-23T21:08:10Z</time></trkpt>
<trkpt lat="50.122632" lon="8.691336">
<ele>115</ele>
<time>2026-01-23T21:08:30Z</time></trkpt>
<trkpt lat="50.122092" lon="8.690837">
<ele>114</ele>
<time>2026-01-23T21:09:31Z</time></trkpt>
<trkpt lat="50.121983" lon="8.690771">
<ele>114</ele>
<time>2026-01-23T21:09:42Z</time></trkpt>
<trkpt lat="50.121318" lon="8.690604">
<ele>113</ele>
<time>2026-01-23T21:10:48Z</time></trkpt>
<trkpt lat="50.120792" lon="8.690439">
<ele>112</ele>
<time>2026-01-23T21:11:40Z</time></trkpt>
<trkpt lat="50.120356" lon="8.690246">
<ele>112</ele>
<time>2026-01-23T21:12:24Z</time></trkpt>
<trkpt lat="50.119656" lon="8.689854">
<ele>111</ele>
<time>2026-01-23T21:13:36Z</time></trkpt>
<trkpt lat="50.119213" lon="8.689501">
<ele>110</ele>
<time>2026-01-23T21:14:24Z</time></trkpt>
<trkpt lat="50.11898" lon="8.68928">
<ele>109</ele>
<time>2026-01-23T21:14:51Z</time></trkpt>
<trkpt lat="50.118391" lon="8.688631">
<ele>108</ele>
<time>2026-01-23T21:16:01Z</time></trkpt>
<trkpt lat="50.11813" lon="8.688363">
<ele>108</ele>
<time>2026-01-23T21:16:31Z</time></trkpt>
<trkpt lat="50.118071" lon="8.688278">
<ele>108</ele>
<time>2026-01-23T21:16:39Z</time></trkpt>
<trkpt lat="50.117774" lon="8.688133">
<ele>108</ele>
<time>2026-01-23T21:17:09Z</time></trkpt>
<trkpt lat="50.117553" lon="8.687968">
<ele>107</ele>
<time>2026-01-23T21:17:33Z</time></trkpt>
<trkpt lat="50.117155" lon="8.687527">
<ele>107</ele>
<time>2026-01-23T21:18:21Z</time></trkpt>
<trkpt lat="50.117071" lon="8.687481">
<ele>107</ele>
<time>2026-01-23T21:18:29Z</time></trkpt>
<trkpt lat="50.116992" lon="8.687457">
<ele>107</ele>
<time>2026-01-23T21:18:37Z</time></trkpt>
<trkpt lat="50.116361" lon="8.687497">
<ele>106</ele>
<time>2026-01-23T21:19:37Z</time></trkpt>
<trkpt lat="50.114774" lon="8.68771">
<ele>102</ele>
<time>2026-01-23T21:22:10Z</time></trkpt>
<trkpt lat="50.113585" lon="8.687787">
<ele>100</ele>
<time>2026-01-23T21:24:04Z</time></trkpt>
<trkpt lat="50.112694" lon="8.687879">
<ele>99</ele>
<time>2026-01-23T21:25:30Z</time></trkpt>
<trkpt lat="50.111806" lon="8.688012">
<ele>98</ele>
<time>2026-01-23T21:26:56Z</time></trkpt>
<trkpt lat="50.111356" lon="8.688029">
<ele>97</ele>
<time>2026-01-23T21:27:39Z</time></trkpt>
<trkpt lat="50.111313" lon="8.688055">
<ele>97</ele>
<time>2026-01-23T21:27:44Z</time></trkpt>
<trkpt lat="50.110271" lon="8.687984">
<ele>96</ele>
<time>2026-01-23T21:29:26Z</time></trkpt>
<trkpt lat="50.109739" lon="8.687729">
<ele>95</ele>
<time>2026-01-23T21:30:21Z</time></trkpt>
<trkpt lat="50.109626" lon="8.687704">
<ele>95</ele>
<time>2026-01-23T21:30:33Z</time></trkpt>
<trkpt lat="50.109626" lon="8.687675">
<ele>95</ele>
<time>2026-01-23T21:30:35Z</time></trkpt>
</trkseg>
</trk>
</gpx>